remove,free,email,you,charExclamation,capitalAve,capitalTotal,type
0,0.32,1.29,1.93,0.778,3.756,278,spam
0.21,0.14,0.28,3.47,0.372,5.114,1028,spam
0.19,0.06,1.03,1.36,0.276,9.821,2259,spam
0.31,0.31,0,3.18,0.137,3.537,191,spam
0.31,0.31,0,3.18,0.135,3.537,191,spam
0,0,0,0,0,3,54,spam
0,0.96,0.32,3.85,0.164,1.671,112,spam
0,0,0,0,0,2.45,49,spam
0.3,0,0.15,1.23,0.181,9.744,1257,spam
0.38,0,0.12,1.67,0.244,1.729,749,spam
0.96,0,0.96,3.84,0.462,1.312,21,spam
0.25,0,0,1.16,0.663,1.243,184,spam
0,0.34,1.39,2.09,0.786,3.728,261,spam
0.9,0,0,2.72,0,2.083,25,spam
0,5.35,0,3.21,0.357,1.971,205,spam
0.42,1.27,0,1.7,0.572,5.659,249,spam
0,0,0,1.88,0.428,4.652,107,spam
0,0,0,0,1.975,35.461,461,spam
0.18,0,0.37,3.15,0.455,1.32,70,spam
0,0.63,3.18,2.22,0.055,3.509,186,spam
0,0,0,0,0.729,3.833,23,spam
0.15,0,0.13,2.09,0.25,2.569,2259,spam
0,2.94,0,0,0.809,4.857,34,spam
0,1.16,1.16,1.16,0.667,1.131,69,spam
0,0,0,0,0.392,5.466,82,spam
0.15,0,0.13,2.09,0.25,2.565,2258,spam
0,0,0,0,0.392,5.466,82,spam
1.66,0,0,3.33,0.368,2.611,47,spam
0,3.33,0,0,0.352,4,36,spam
0.65,0.65,0,1.3,0.091,2.687,129,spam
0,0,0,3.52,0.886,1.966,59,spam
0,3.03,0,0,2.112,3.909,43,spam
0,0.27,0,3.51,0,1.39,89,spam
0,0,4.83,4.83,0,1.7,17,spam
0,0,0,2.04,0,3.826,264,spam
0,0,0,5.12,1.543,2.777,25,spam
0,2.94,0,0,0.873,4.142,29,spam
0.48,0.48,0,2.43,0.488,5.431,239,spam
0,0.48,0.97,1.46,0.963,3.1,186,spam
0,0.41,0.83,2.08,0.75,3.851,285,spam
0,0,0.3,2.76,0.207,2.132,226,spam
0,2.94,0,0,0.671,4,28,spam
0,2.94,0,0,0.711,4,28,spam
0.18,0,0.37,3.15,0.426,1.283,68,spam
0.26,0.26,0.26,1.82,0.813,2.145,339,spam
0,0,0,4.07,1.318,5.301,774,spam
0.06,0,0.06,4.54,0.01,1.733,442,spam
0,4.97,0,3.48,0.17,1.468,94,spam
0.05,0.25,0.02,3.22,0.325,5.891,3040,spam
0.06,0.26,0.26,3.51,0.278,3.887,898,spam
0,0,0,1.92,0,2.75,33,spam
0.73,1.09,0.36,2.19,0.498,3.254,179,spam
0.38,0,0.12,1.67,0.244,1.732,750,spam
0,0,0,0,0.198,3.833,69,spam
0.73,1.1,0.36,2.2,0.5,3.259,176,spam
0,1.08,0,1.08,1.478,2,106,spam
1.04,0,0,3.66,0.615,3.318,146,spam
0,0,0,2.53,0,3.642,51,spam
0,0.45,0.91,1.36,1.501,2.777,200,spam
0,0.42,0.84,2.1,0.669,3.837,284,spam
0.59,0,1.18,1.77,0,8.586,249,spam
0,0.23,0,7.1,0.175,1.294,66,spam
0.93,1.39,0.46,0.93,0,1.442,75,spam
0.68,0.34,1.36,3.42,0.048,1.411,96,spam
0,0,0,4.1,0.019,1.714,180,spam
0,1.98,0,1.32,2.205,3.184,121,spam
0.48,0.48,0,0.97,0.589,4.85,194,spam
1.47,0,0,5.88,0.5,1.214,17,spam
0,2.15,0,5.53,1.053,3.884,303,spam
0,0,0,0,0,4.548,141,spam
2.53,0,0,2.53,0.537,72.5,290,spam
0,0.53,1.06,1.6,0.877,3.4,187,spam
0,0.44,0.89,2.24,0.807,3.849,281,spam
0.46,0.92,0.92,2.76,0.298,2.156,110,spam
0.48,0.48,0,2.41,0.486,5.13,236,spam
0,2.83,0,0.94,1.366,26.5,318,spam
0,0,0.59,4.14,0.165,2.325,100,spam
0,0.37,0.12,2.96,0.437,3.675,1066,spam
0.2,0.83,0,2.09,0.132,1.65,175,spam
0,0,5.26,5.26,0,1.666,10,spam
0,0,0,5.55,1.431,4.071,114,spam
0.23,0.23,0,2.38,0.197,5.038,519,spam
0,2.91,0.72,1.45,0.495,1.525,61,spam
0,1.28,0,2.56,0.724,3.071,43,spam
0,0,0,0,0.834,5.13,118,spam
0.46,1.86,0,0.93,0.571,4.63,213,spam
0,0.38,0.38,2.69,0.061,1.775,158,spam
0,0.79,1.58,3.96,0.268,2.815,107,spam
0,0.2,0,1.14,0.096,3.353,845,spam
0,0,0,0,0,3.8,38,spam
1.12,0.56,0,3.93,1.083,4.974,194,spam
0.05,0.26,0,3.25,0.322,6.1,3038,spam
0.03,0.22,0.07,3.43,0.613,7.3,2453,spam
0.03,0.22,0.07,3.43,0.612,7.3,2453,spam
0,0,0.46,2.77,0.082,3.4,102,spam
0.46,0,1.4,1.87,0,2.676,91,spam
0,1.05,0.7,2.11,1.284,3.639,313,spam
0,0.43,0.86,1.29,0.736,2.81,222,spam
0,0.6,0,1.21,0.31,4.897,191,spam
0,0.41,0.82,3.73,0.461,3.166,114,spam
0.7,2.83,0,4.96,0.38,1.153,30,spam
0,0.64,0,2.59,0.662,10.068,292,spam
0,0,0,0,1.529,5.5,66,spam
0,0.64,0,2.59,0.662,10.068,292,spam
0,0,0,0,1.529,5.5,66,spam
0,0.64,0,2.59,0.662,10.068,292,spam
0,0,0,0,1.529,5.5,66,spam
0,0.79,0,1.58,0.462,5.793,168,spam
0,0,0,0,1.529,5.5,66,spam
1.96,0,0,3.92,0,6.166,74,spam
2.46,2.46,0,0,1.907,1.285,36,spam
0,0,0,2.38,0,2.913,67,spam
0.76,0,0.76,1.52,0,3.836,211,spam
0,0,0.47,0.95,0,1.238,78,spam
0.12,0.25,0,2.9,0,4.155,507,spam
0,0.51,0,1.53,0.542,1.972,146,spam
0,0,0.5,1.55,0.054,2.37,588,spam
0,0,0.5,1.55,0.054,2.379,583,spam
2.56,0,0,2.56,0.542,102.666,308,spam
1.11,0.55,0,3.91,1.158,4.875,195,spam
0,0,0.5,1.55,0.054,2.37,588,spam
0,0,0.5,1.55,0.054,2.379,583,spam
0,0.23,0,3.08,0.335,7.202,2413,spam
0.16,0.16,0.8,0.16,0.271,5.709,982,spam
0.3,0,0,0.3,0.092,2.074,278,spam
0.33,0,0.33,2.18,1.194,5.567,657,spam
0,0,0,4.04,0.089,3.416,164,spam
0.59,0,0.59,4.76,0.427,10,170,spam
0.4,0,0.4,4,0.706,1.838,114,spam
0,0.41,0,7.05,0.97,32.142,450,spam
0.38,0.38,0,3.04,0.598,4.523,285,spam
0.4,0.4,0,4,0.121,1.979,95,spam
0,0.56,0,2.25,0.606,2.36,144,spam
0.16,0,0.16,1.6,0.299,1.891,174,spam
0,0,0,0,0.215,4,76,spam
0,0.98,0.39,0.59,0.16,2.128,730,spam
0,0.98,0.39,0.59,0.16,2.128,730,spam
0,0.66,0,2.33,0.12,5.428,304,spam
0,2.98,1.49,0,0,1.1,11,spam
0,0.82,0,1.65,0,1.769,69,spam
0,0.66,0,2.33,0.12,5.428,304,spam
1.58,0,0,1.58,0.558,3.272,36,spam
0,0.23,0,3.08,0.335,7.202,2413,spam
1.58,0,0,1.58,0.558,3.272,36,spam
0,2.77,4.16,4.16,0.715,1.181,13,spam
0,0,0,0,0.215,4.277,77,spam
0,0.66,0,2.33,0.12,5.428,304,spam
0.14,0.14,0.72,0.58,0.865,5.133,1001,spam
0,0,0,0.72,0.063,2.562,123,spam
0,0.81,0.27,2.17,0.565,1.617,131,spam
0,0,0.78,3.13,0.261,1.461,114,spam
1.12,0.56,0,3.95,1.32,5.135,190,spam
0,0,0.67,4.05,0.2,1.064,33,spam
0,0.62,0,1.24,1.055,2.033,120,spam
0,0.33,0,2.02,0.484,1.796,203,spam
0,4.76,0,4.76,0,2.375,38,spam
1.31,0,0,1.31,0.117,48.5,291,spam
0.45,0.45,0.45,1.81,0.135,5.571,117,spam
0,0,0,0.85,1.088,5.714,200,spam
0,0,0,0.27,0,7.313,607,spam
0,0.43,0.21,0.21,0.146,6.233,642,spam
0,0,0.46,2.77,0.081,3.4,102,spam
0,0.87,0.43,3.66,0.265,3.121,437,spam
0.34,0.68,1.37,1.03,0,3.131,119,spam
0,0,0.46,2.77,0.081,3.4,102,spam
0.62,0,1.24,5.59,0.517,3.363,111,spam
1.05,0,0,0,0,4.5,108,spam
0,0.35,1.42,1.77,0.7,3.768,260,spam
0.15,0.15,0.76,0.15,0.567,5.425,944,spam
0.57,0,0.57,4.62,0.518,10.117,172,spam
0.26,0.79,0,1.32,0.31,5.549,566,spam
0.08,0,0.08,1.2,0.095,4.07,574,spam
0,0.5,0,2.5,0.892,2,172,spam
0,0.54,0,1.64,1.443,1.969,130,spam
0,0,0,3.12,0.889,2.13,49,spam
0,0,0,4.08,0.968,2.179,85,spam
0,0,0,0,0,1.1,11,spam
0,0.44,0,4.03,0.944,2.451,152,spam
0,0.33,1.32,2.64,0.583,4.024,326,spam
0,0,0,4.08,0.969,2.179,85,spam
0.08,0.08,0,3.01,0.258,5.297,694,spam
0.08,0.08,0,3.03,0.259,3.335,537,spam
0,0,0,0.87,0.835,5.114,179,spam
0,0.44,0,4.46,1.083,2.428,153,spam
0,0,0,2.53,0.118,1.307,68,spam
0,0,0,0,1.754,1,7,spam
0,0.05,0.53,1.19,0.032,1.364,303,spam
3.12,3.12,0,6.25,0,9.428,66,spam
0,1.59,0.53,6.91,0.28,2.823,240,spam
0.93,0.46,0,1.87,0.135,4,96,spam
1.12,2.25,1.12,2.25,0,1.416,51,spam
0,0,0,5.29,0.83,3.215,164,spam
0,1.61,0.8,0.8,1.192,1.463,101,spam
0.14,0.14,0.72,0.43,0.585,5.02,979,spam
0.08,0,0.08,1.2,0.095,4.07,574,spam
0,0,0,1.63,0.294,2.333,63,spam
1.08,0.54,0,4.32,1.18,5.323,181,spam
0.08,0,0.08,1.2,0.108,4.07,574,spam
1.07,0.53,0,4.3,1.183,5.454,180,spam
0.51,2.07,2.07,1.03,0.067,2.676,91,spam
1.09,0.54,0,3.84,1.045,5.047,212,spam
0,0.38,0,2.7,0.985,3.923,255,spam
0,0.39,0,2.73,0.869,4,256,spam
0.86,0,0.43,1.29,0.915,3.891,144,spam
0,0,1.83,1.83,0.187,3.184,363,spam
0,0.56,0,2.25,0.615,2.403,137,spam
0,0.55,0,1.67,0.893,2.122,121,spam
0,0,0,5.26,0.816,3.173,165,spam
0.61,0,1.85,2.46,0.353,2.25,81,spam
0.44,0.44,0.44,3.33,0.563,86.65,1733,spam
0.08,0.08,0,3,0.287,3.314,537,spam
1.04,2.08,0,2.08,0,3.812,61,spam
1.33,0,0,1.33,0.202,29.125,233,spam
1.08,0.54,0,4.32,1.182,5.454,180,spam
0,0,0,3.12,0.08,2.111,57,spam
0,0.9,1.81,3.63,0.165,6.266,94,spam
0,0.05,0,0.05,0,1.423,965,spam
0,0.05,0,0.05,0,1.423,965,spam
0.53,0.62,1.43,2.5,0.212,6.815,1329,spam
0,0.96,0,1.44,0.468,3.315,242,spam
0,0,0.46,2.77,0.081,3.4,102,spam
0.68,0.68,0,5.86,0.366,1.895,91,spam
0,0.72,0.18,2.7,0.633,9.043,841,spam
0.39,1.57,0.26,2.61,0.779,2.689,476,spam
0.32,0.32,0,2.28,0,1.537,143,spam
0.32,0.32,0,2.27,0,1.537,143,spam
0,0.59,1.37,4.52,0.258,3.112,305,spam
0,0,1.84,1.84,0.188,3.105,354,spam
0,0.71,0,1.42,1.094,2.021,95,spam
2.98,1.49,0,0,0,13,156,spam
0.16,0.5,1.5,0.66,0.884,5.328,1087,spam
0,0.55,0,2.2,0.683,2.338,145,spam
0.16,0.16,0.81,0.32,0.773,6.586,955,spam
0,0,0,0.72,0,1.543,88,spam
1.69,10.16,0,0.84,1.113,173,519,spam
0,0,0,1.29,0,1.103,32,spam
0,0,0,1.29,0,1.103,32,spam
0.08,0,0.08,1.2,0.088,4.16,1140,spam
2.18,0,0.54,3.27,0.471,15.08,377,spam
0,0.85,0.85,4.7,0,7.17,294,spam
0,1.05,0,0,1.806,1.293,75,spam
0,0.22,0,1.35,0.129,7.258,617,spam
2.23,0,0.55,3.35,0.479,16.739,385,spam
0,0,0,4.49,0.814,2.6,39,spam
0.32,0.32,0,2.28,0,1.494,139,spam
0,0,2.87,1.43,0.937,11.888,214,spam
2.23,0,0.55,3.35,0.479,16.739,385,spam
1.07,2.15,0,0,0.145,1.823,62,spam
0,0.95,0,1.42,0.461,3.493,255,spam
0.15,1.11,1.27,0.79,0.862,5.423,1128,spam
0,0,0,0.39,0,2.5,130,spam
0,0,0,2.3,2.766,5.607,157,spam
0.08,0.48,0.08,3.5,0.39,5.594,1561,spam
0,1.11,0.06,2.37,0.75,3.401,966,spam
0,1.11,0.06,2.23,0.75,3.401,966,spam
0,4,0,0,2.453,4.153,54,spam
0,0,2.85,1.42,0.931,12.055,217,spam
0,0.8,0,1.6,1.62,2.604,125,spam
0.33,0.33,0,1.98,0,2.195,202,spam
0.07,0,0.44,3.55,0.159,3.456,802,spam
0.33,0.33,0,1.98,0,2.195,202,spam
0.15,1.11,1.27,0.79,0.862,5.423,1128,spam
0,0.31,0,2.48,0.043,1.741,155,spam
0.17,0.17,0.86,0.17,0.665,6.294,963,spam
0,0.79,1.58,3.17,0.271,3.257,114,spam
0,0.14,0.14,2.35,0.204,2.962,400,spam
0,0,0,2.22,0.784,5.687,91,spam
0,0.25,0,2.5,0.203,2.866,129,spam
1.16,0.58,0.58,2.92,0.09,1.829,75,spam
0,0.14,0.14,2.35,0.204,2.962,400,spam
0,0.14,0.14,2.35,0.204,2.962,400,spam
0.58,0.58,0,1.76,0.829,2.529,86,spam
0,0,0,3.29,0.041,3.181,210,spam
3.12,0,0,6.25,0,9.428,66,spam
2.28,0,0.57,3.42,0.487,16.217,373,spam
0.17,0,0.7,0.88,0.085,3.564,417,spam
0,0.95,0,1.42,0.401,3.459,256,spam
2.28,0,0.57,3.42,0.487,16.217,373,spam
0.17,0.17,0.86,0.34,0.315,6.364,942,spam
2.28,0,0.57,3.42,0.487,16.217,373,spam
3.27,1.63,0,0,0.54,14.818,163,spam
0.14,0.87,1.46,0.58,0.764,4.979,1200,spam
0.19,0.19,0.95,0.19,0.632,6.789,869,spam
0.2,0.4,0.4,2.21,1.453,3.946,513,spam
0,0,0,0.91,0.531,2.9,87,spam
0.15,0.92,1.53,0.61,0.732,5.058,1128,spam
0,0.52,0,1.56,0.867,2.22,131,spam
0,0.42,0,2.14,1.117,1.206,117,spam
0.06,0,0.06,4.48,0.01,1.733,442,spam
0.2,0.1,0.31,2.4,0.785,4.064,817,spam
5.4,5.4,0.9,1.8,0.841,24.785,347,spam
0.17,0,0,1.97,1.158,5.163,599,spam
0.08,0.51,0.08,3.43,0.348,5.392,1456,spam
0.23,0,0.69,2.76,0.841,1.862,285,spam
0,0,0,0.32,0,1.206,240,spam
0,1.05,0,3.7,0.702,6.487,266,spam
0.32,0.32,0,2.27,0,1.494,139,spam
0,0.54,0,2.17,0.715,2.345,129,spam
0,1.63,0,3.27,0.759,2,36,spam
0,0,0,2.45,0.242,2.623,244,spam
0.35,0.7,0,5.3,0.411,2.917,213,spam
2.41,0,3.44,4.13,0,1.888,68,spam
0,0,0,2.45,0.295,2.542,239,spam
0.64,0.64,0,1.28,0.551,2.333,119,spam
0.32,0.32,0,2.28,0,1.494,139,spam
0.64,0.64,0,1.28,0.554,2.333,119,spam
0,0.18,0,0.94,0.07,2.616,191,spam
0,0,0,0.91,0.532,2.9,87,spam
0,0,0,0,0.309,1.333,56,spam
0.43,0.43,0.43,1.72,0.129,5.8,116,spam
0,0.43,0,2.17,1.133,1.2,114,spam
0,0.34,1.37,1.72,0.718,3.718,264,spam
0.16,1.64,0.65,0.82,0.906,5.289,1116,spam
0.06,0,0.06,4.49,0.01,1.74,442,spam
0.11,0.46,0.34,0.58,0.322,2.576,389,spam
0,0,0,2.46,1.284,1.357,19,spam
0.91,0,0,0,0.672,4.35,87,spam
0,0,0,1.31,0,4.818,53,spam
0,0,0,2.44,0.268,2.698,251,spam
0,0,0,2.45,0.241,2.623,244,spam
0.32,0.32,0,2.28,0,1.494,139,spam
0,0,0,0,0.511,4.617,217,spam
0,0.31,1.24,2.49,1.152,4.592,349,spam
0,0,0,0,0,1.266,19,spam
0,0,0,0,0.511,4.617,217,spam
0,0,0,0,0,1.266,19,spam
0.17,1.74,0.69,1.04,0.754,4.74,967,spam
1,0,3,2,0.275,2.538,33,spam
0,1.05,0,3.15,0.351,3.343,107,spam
0.16,2.13,0.65,0.98,0.693,4.835,1030,spam
0,0,0,3.07,1.434,7.055,127,spam
0,0,0,1.31,0,4.5,54,spam
0,1.28,0,3.84,0.23,5.538,72,spam
0.94,0,0,0.94,0.217,1.48,77,spam
0,0,0,2.81,0.209,2.776,211,spam
0,0.36,0,1.09,0.604,3.787,356,spam
0,1.29,0,1.93,0.462,2.44,122,spam
0,0.43,1.73,0.43,0.31,1.477,65,spam
0,1.28,0,3.84,0.23,5.538,72,spam
0.6,0,1.21,1.82,0,1.583,38,spam
0.32,0.32,0,2.28,0,1.494,139,spam
0,0,0,1.29,0,4.23,55,spam
0,1.28,0,3.84,0.23,5.538,72,spam
0.63,0.63,0,1.27,0.501,2.458,118,spam
0,1.3,0,1.96,0.834,2.44,122,spam
0,0,0,0.19,0,1021.5,2043,spam
0,0.43,1.73,0.43,0.31,1.477,65,spam
0,0.08,0,0.4,0.406,2.811,1254,spam
0,1.29,0,1.93,0.462,2.44,122,spam
0,0.43,1.73,0.43,0.31,1.477,65,spam
0,0.36,0,1.09,0.604,3.787,356,spam
0,0,0,0,0,2.217,51,spam
0,1.28,0,3.84,0.23,5.538,72,spam
0.32,0.32,0,2.28,0,1.494,139,spam
0.06,0,0.06,4.49,0.01,1.736,441,spam
0,0,0,1.31,0,4.5,54,spam
0.45,0,0.45,0.91,0.063,4.735,161,spam
1.16,4.65,0,3.48,0,1,21,spam
1.25,6.25,0,3.75,0,1,19,spam
0,0.05,0.38,0.07,0.107,3.922,3271,spam
0,0,0,0,5,1,2,spam
0,0.48,0,4.36,2.443,1.227,81,spam
0,0.23,0,3.81,1.018,4.022,543,spam
0.32,0.32,0,2.28,0,1.494,139,spam
0,0,0,0,0,1,6,spam
0,0.23,0,3.81,1.018,4.022,543,spam
1,0,0,5,0.11,3.178,89,spam
0.05,0.76,0.11,1.53,0.102,1.493,660,spam
0.32,0.32,0,2.27,0,1.494,139,spam
0,0,0.67,0.67,0.332,2.315,132,spam
0,0.05,0.38,0.07,0.107,3.922,3271,spam
0,0,0.67,0.67,0.802,2.527,139,spam
0,0.2,0,0.2,0.831,1102.5,2205,spam
0,0.61,0.61,1.22,0.517,2.966,178,spam
1.48,0.74,0,2.22,0.108,2.346,61,spam
0,0,0,0,0.153,3.317,136,spam
0,0.23,0,3.12,0.319,6.11,2218,spam
0.35,0.7,0.35,4.25,0.397,3.388,183,spam
0,2.43,0,3.65,0,1,31,spam
0,0,0,1.31,0,4.818,53,spam
0,0.6,0,4.44,0.101,3.548,479,spam
0,0,0,4.46,0,1.541,37,spam
0.25,0.25,0.94,1.62,0.42,7.497,1402,spam
0,0.46,0,2.8,0.663,1.428,120,spam
0.14,0.86,0.57,0.57,0.826,5.456,1315,spam
0,0,0,4.4,0.01,1.748,444,spam
0,0,0,4.4,0.01,1.775,451,spam
0,0.38,0.06,2.98,0.429,3.664,1059,spam
0.08,0.53,0,3.58,0.369,4.911,1277,spam
0,0.08,1.1,1.86,0.356,11.32,1834,spam
0.48,0,0,3.36,0.163,1.696,95,spam
0,0,0,0,0,3.8,19,spam
0,0,0.59,2.97,0.105,3.428,72,spam
0.6,0,0.6,3.65,0.101,3.217,74,spam
0,0.38,0.06,2.98,0.428,3.702,1070,spam
0,0,0,0,0.163,3.545,78,spam
0.33,1.65,1.65,2.64,0.537,2.517,141,spam
0.67,0,0,3.37,0.286,5.558,189,spam
0,0,0,3.49,0.23,4.281,655,spam
0,0.31,0,2.79,0,2.09,115,spam
0.96,0,0,2.88,0.616,1.181,13,spam
0.7,0.7,0.35,5.96,0.367,1.88,94,spam
0,0.55,0,3.31,0.524,1.229,75,spam
0,0,0.58,1.75,0,1.361,113,spam
0,0,0,0.89,0.52,3.5,105,spam
0.08,0.53,0,3.58,0.369,4.896,1278,spam
0,1.74,0,1.16,0.165,2.17,102,spam
0,0.37,0,0.43,0.034,4.93,3550,spam
0,0,0.42,0.42,2.636,3.168,301,spam
0.25,0.25,0.76,2.29,0.354,2.593,153,spam
0.25,0.25,0.93,1.61,0.394,7.484,1407,spam
0.12,0.12,0.6,0.36,0.34,5.634,1234,spam
0,0.43,0,2.62,0.577,6.274,320,spam
0,0,0.14,2.35,0.153,2.705,368,spam
0.14,0,0,2.89,0.269,15.086,1222,spam
0.62,0.62,0,1.25,0.456,2.52,121,spam
0.33,0,0.33,2.02,1.118,4.928,621,spam
0.14,0,0,2.86,0.241,6.238,1229,spam
0,0,0,2.56,0.255,6.3,1216,spam
0,0.21,0.03,3.03,0.443,6.59,2333,spam
0,0.68,0.68,1.36,1.143,3.737,228,spam
0,0.55,0,1.76,0.367,2.559,389,spam
0.49,0.49,0,2.47,0.497,5.113,225,spam
0,0.94,0,4.71,3.571,1.3,52,spam
0.02,0.16,0.02,3.23,0.382,5.783,3210,spam
0,0.55,0,1.76,0.367,2.559,389,spam
1.56,1.56,0,0,0.7,2.125,34,spam
2.22,3.33,0,3.33,0.146,2.058,35,spam
0.86,2.16,1.29,3.46,0.801,4.77,353,spam
0,1.36,0,2.28,0,2.032,126,spam
0.5,0,1.52,2.03,0.412,2.441,249,spam
0,1.44,0,5.79,0.277,1.312,21,spam
0.5,0,1.52,2.03,0.412,2.441,249,spam
0,0.35,1.43,1.79,1.257,3.895,261,spam
0,0,0,5.88,0,1.5,9,spam
0,0.6,0,4.44,0.101,3.577,483,spam
0,0,0,0.88,0.935,3.417,229,spam
0.12,0.12,0.6,2.41,0.056,1.246,389,spam
0,0,0,1.31,1.007,1.44,36,spam
0,0,0,1.2,0.421,3.454,38,spam
0,0,0,0,0.19,3.6,72,spam
0,0,0,1.92,1.336,1.21,23,spam
0,0.09,0.39,3.19,0.334,15.493,2541,spam
0,0,0,0,0,2.411,41,spam
0.13,0,0.41,0.69,0,1.531,144,spam
0,0.31,1.25,2.51,0.777,3.39,278,spam
0.26,0.26,0,0,0.369,13.82,1078,spam
0,0.56,0,1.79,0.373,2.576,389,spam
0,0.24,0,2.33,0.041,2.351,254,spam
0,0.24,0,2.33,0.041,2.351,254,spam
0.31,0.94,0,0.31,0.89,12.382,421,spam
0,0,0,1.54,0.8,3.125,100,spam
0,0,0.96,2.88,0.084,3.2,80,spam
0,6.45,0,3.22,0,1,2,spam
0,1.34,0,2.24,0,2.25,144,spam
0.35,0.35,0.17,0.53,0.057,1.974,229,spam
0,1.72,0.86,0.86,0.251,2.022,91,spam
0,0,0,0,0.186,4,84,spam
0.42,0,0,0.84,0.187,7.951,493,spam
0.45,0,0,0.9,0.203,8.517,477,spam
1,0,0,3.01,0.176,4.476,94,spam
0,0,0,4.44,1.385,20,180,spam
0,1.25,0,5,0,1.2,36,spam
0,0,0,0,0,3.6,72,spam
0,0,0,0,0.486,2.681,59,spam
0,0,0,4.53,0.141,11.288,1016,spam
0,0,0,3.8,0,3.78,189,spam
0.09,0,0.09,3.69,0.341,7.273,1171,spam
0,0,0,3.22,0.546,2.3,23,spam
0,0,0,4.34,2.631,1.666,15,spam
0,0,0,4.34,5.844,1.666,15,spam
0,0,0,3.33,1.081,2.3,23,spam
0,2.59,0,3.24,0.574,5.833,105,spam
0,0,0,0.93,0.536,2.166,65,spam
0.64,0.32,0.32,2.27,0,1.688,157,spam
0,0,0,0,0.191,3.95,79,spam
0,0,0,3.7,3.448,2.666,24,spam
0,0,0,0,0.191,3.95,79,spam
0,0,0,0,0,1.864,910,spam
0,0,0.44,1.32,0.291,1.348,58,spam
0.2,0.61,0,2.89,0.816,3.716,301,spam
0,0,0,0,4.347,1,2,spam
0.1,0,0,0,0.016,1.901,329,spam
0,1.14,0.16,3.6,0.902,5.833,595,spam
0.09,0.87,0,1.66,0.318,6.813,1458,spam
0,0,0,0,0.396,3.714,26,spam
0.1,0.91,0,1.72,0.297,6.8,1428,spam
0,0,0,5.18,1.096,5.16,289,spam
0.25,0.25,0.93,1.61,0.394,7.484,1407,spam
0,0,0.51,1.79,0.26,3.298,287,spam
1.05,0,0,3.15,0.171,2.05,41,spam
0.1,1.94,0.4,1.94,0.518,8.181,1890,spam
0.1,0.91,0,1.72,0.297,6.8,1428,spam
0.44,0,0,0.88,0.19,8.033,474,spam
0.1,0.1,0.2,3.43,0.611,3.794,702,spam
0,0,0,0,0.422,4.066,61,spam
0,0,0,4,0,2.363,26,spam
0,2.5,0,5.32,0.111,1.672,92,spam
0.11,0.05,0.29,3.93,0.492,6.033,1460,spam
0,0.21,0.03,2.99,0.478,6.518,2340,spam
0,0,0,0,0.022,3.482,5902,nonspam
0,0,0,2.56,0.149,1.04,26,nonspam
0,0,0,0,0,1,3,nonspam
0,0,0,0,0.262,1.625,65,nonspam
0,0,0,0,0,4.411,1866,nonspam
0,0,0,0,0,2.5,35,nonspam
0,0,0,0,0,3.571,150,nonspam
0,0,0,0,0,1,1,nonspam
0,0,0,7.31,0.393,1.75,28,nonspam
0,0,0,4,0.729,2.285,16,nonspam
0,0,0,0.24,0.149,10.012,791,nonspam
0,0,0,3.6,0,2.766,83,nonspam
0,0,0,0,0,2,26,nonspam
0,0,0,0,0,2.324,709,nonspam
0,0,0,1.85,0,1.8,27,nonspam
0,0,0,0,0,2.38,50,nonspam
0,0,0,0,0.546,2,16,nonspam
0,0,0,0.8,0.115,3.388,122,nonspam
0,0,0,1.51,0,1.75,28,nonspam
0,2.32,0,2.32,0.375,1.444,13,nonspam
0,0,0.63,3.18,0,2.215,113,nonspam
0,0,0.58,0.58,0.282,1.932,114,nonspam
0,0.24,0,0.78,0.044,1.873,843,nonspam
0,0,0,1.88,0,1,12,nonspam
0,0,0,0,0,2.647,45,nonspam
0,0,0,0,0,1.142,8,nonspam
0,0,0,0,0,1.909,21,nonspam
0,0,0,0,1.315,1,7,nonspam
0,0,0,0,0,2.322,72,nonspam
0,0,1.44,0,0.313,1.689,49,nonspam
0,0,0,0,0,1.538,20,nonspam
0,0,0,3.29,0,1.745,89,nonspam
0,0,0,3.75,0,1.437,23,nonspam
0,0,0.39,3.18,0,2.51,123,nonspam
0.04,0.08,0,0.77,0.033,2.747,1995,nonspam
0,0,0,0,0,3.125,25,nonspam
0,0,0,0,0,2.848,433,nonspam
0,0,0,1.58,0,1.538,20,nonspam
0,0,0,0.21,0.161,2.813,723,nonspam
0,0,0,0,0.684,2,16,nonspam
0,0,0,1.21,0.211,1,11,nonspam
0,0,0,0.47,0.068,3.195,147,nonspam
0,0,0,2.56,0,1.952,41,nonspam
0,0,0,0,0.072,2.847,242,nonspam
0,0,0,0.26,0.045,1.837,158,nonspam
0,0,0,2.75,0.301,1.942,68,nonspam
0,0,0,0,0,5.5,11,nonspam
0,0,0,0,0,1.571,11,nonspam
0,0,0,4,0.613,1,14,nonspam
0,0,0,4.34,3.048,1,8,nonspam
0,0,0,0,0,2.195,90,nonspam
0,0,0,2.63,0,1.235,21,nonspam
0,0,0,1.56,0.725,1.187,19,nonspam
0,0,0,0.45,0,3.407,535,nonspam
0,0,0,1.35,0.048,2.326,107,nonspam
0,0,0.02,0.08,0,2.838,2078,nonspam
0,0,0,0.51,0.08,1.885,66,nonspam
0,0,0,0,0.061,1.392,71,nonspam
0.2,0,0,0,0,2.214,423,nonspam
0,0,0,0.23,0.117,2.616,683,nonspam
0,0,0,0,0.123,2.063,130,nonspam
0,0,0,4,0,2,10,nonspam
0,0,0,0,0,4.771,1064,nonspam
0,0,0,0,0.091,1.212,40,nonspam
0,0,0,1.51,0,1.114,39,nonspam
0,0,3.57,0,0.24,1.687,27,nonspam
0,0,0,0.3,0,1.426,97,nonspam
0,0,2.77,0,0.218,1.687,27,nonspam
0,0,0,0,0,1.6,24,nonspam
0,0,0,0,0,2.888,26,nonspam
0,0,0,0.74,0.31,2.034,59,nonspam
0,0,0,0,0,2.924,617,nonspam
0,0,0,0,0,3.937,693,nonspam
0,0,0,0.76,0,1.705,220,nonspam
0,0,0,0,1.886,1.375,11,nonspam
0,0,0,0.69,0,2.488,112,nonspam
0,0,0,0,0,2,4,nonspam
0,0,0,1.07,0,1.416,68,nonspam
0,0,0,0,0,3.606,357,nonspam
0,0,0,2.34,0,2.448,120,nonspam
0,0,0.25,0,0,1.958,329,nonspam
0,0.11,0,1.35,0.042,2.031,971,nonspam
0,0,0,0,0,1.687,496,nonspam
0,0,0,0.29,0.052,2.721,566,nonspam
0,0,0,1.36,0,2.186,164,nonspam
0,0,0,2.4,0,1.696,56,nonspam
0,0,0,0,0,5.5,11,nonspam
0,0,7.69,0,0,1,4,nonspam
0,0,0,0,0,2.204,496,nonspam
0,0,0,0,0,5.5,11,nonspam
0,0,0,0,0,3.108,115,nonspam
0,0,0,0.34,0,1.062,137,nonspam
0,0,0,0.14,0.02,4.113,654,nonspam
0,0,0,0,0,1.666,15,nonspam
0,0,2.17,0,0,4,68,nonspam
0,0,0,0,0,1.5,24,nonspam
0,0.26,0,2.08,0,2.545,168,nonspam
0,0,0,0.31,0,1.446,94,nonspam
0,0,0,1.44,0.074,2.534,185,nonspam
0,0,0,0.32,0,1.89,138,nonspam
0,0,0,0,0,5.5,11,nonspam
0,0,0,2.06,0.073,2.206,1026,nonspam
0,0,0,0,0,1.142,16,nonspam
0,0.27,0,2.18,0,2.593,166,nonspam
0,0.01,0.13,0.03,0.008,2.145,2954,nonspam
0,0,0.33,0.58,0,4.179,1655,nonspam
0,0,0,5,0.17,1.692,22,nonspam
0,0,0,0,0,1.974,77,nonspam
0,0,0,0.71,0,2.239,206,nonspam
0,0,3.57,0,0.239,1.687,27,nonspam
0,0,2,0,0,1.611,29,nonspam
0,0,0,2.76,0.202,1.945,142,nonspam
0,0,0,0,0,1.666,15,nonspam
0,0,0,0,0,2.27,84,nonspam
0,0,0,3.44,0,2.058,35,nonspam
0,0,0,1.16,0.148,1.972,71,nonspam
0,0,0,0,0,3.533,53,nonspam
0,0,0,0,0,2.533,76,nonspam
0,0,0,1.77,0.313,7.588,129,nonspam
0,0,0,0.57,0,1.5,72,nonspam
0,0,0,0,0,3.414,536,nonspam
0,0,0,0,0.125,2.925,158,nonspam
0.5,0,0,1.25,0.045,1.324,98,nonspam
0,0,0.05,0.22,0,2.887,875,nonspam
0,0,0,0.71,0.372,1.641,110,nonspam
0.25,0.25,1.02,2.05,0.413,1.78,146,nonspam
0,0,0,0,0.214,1.263,24,nonspam
0,0,0,1.38,0.448,1.451,45,nonspam
0,0,0,0,1.234,3,15,nonspam
0,0,0,0.76,0,1.735,59,nonspam
0,0,0,0,0.165,1.666,45,nonspam
0,0,0,0,0,1.5,6,nonspam
0,0,0,0,0,2.025,81,nonspam
0,0,0,3.4,0,2.555,92,nonspam
0,0,0,1.92,0,2.307,30,nonspam
0,0,0,1.36,0,1,17,nonspam
0,0,0,4,0.724,2.285,16,nonspam
0,0,0,1.4,0,18,378,nonspam
0,0,0,0,0,1.566,462,nonspam
0,0,0,0,0,2.165,446,nonspam
0,0,0,0,0,1.461,38,nonspam
0,0,0,1.01,0,1.644,74,nonspam
0,0,0,0.42,0.151,1.533,69,nonspam
0,0,1.96,0,0,2.95,59,nonspam
0,0,0,0,0,1.353,88,nonspam
0,0,1.66,1.66,0.167,1.533,46,nonspam
0,0,0,0.81,0,2.473,47,nonspam
0,0,0,1.07,0,2.666,104,nonspam
0,0,0,0.52,0.047,1.948,836,nonspam
0,0,0,2.56,0,2.266,34,nonspam
0,0,0,1.33,0.03,2.852,388,nonspam
0,0,0,0,0,3.1,31,nonspam
0,0,0,0,0,1,4,nonspam
0,0,0,2.43,0,1.2,12,nonspam
0,0,0,0,0,1.5,66,nonspam
0,0,0,0,0,3.875,93,nonspam
0,0,0,0.67,0.134,3.08,693,nonspam
0,0,0,0,0.161,1.25,15,nonspam
0,0,0,0.69,0.284,2,60,nonspam
0,0,0,0.52,0,3.185,481,nonspam
0,0,0,0.17,0,3.851,1583,nonspam
0,0,0,2.87,0,1.95,156,nonspam
0,0,0.04,0.19,0,3.685,1463,nonspam
0,0,0,0,0,1.19,25,nonspam
0,0,0,0,0,2.4,24,nonspam
0,0,0,0,0,2.361,562,nonspam
0,0,0,1.94,0,8.125,195,nonspam
0,0,0,0,0,2.142,60,nonspam
0,0,0,1.62,0.37,5.375,129,nonspam
0,0,0,0,0,7,35,nonspam
0,0,0.27,1.08,0,4.971,517,nonspam
0,0,1.12,4.49,0.111,1.23,32,nonspam
0,0,0,0.72,0.063,2.562,123,nonspam
0,0,0,2.38,0,1.2,12,nonspam
0,0,0,0,0,5,20,nonspam
0,0,0,0.54,0,4.891,675,nonspam
0,0,0,0,0,1.625,13,nonspam
0,0,0,0.42,0,3.34,167,nonspam
0,0,0,0,0,1.125,9,nonspam
0,0,0,1.75,0,1.466,44,nonspam
0,0,0,0,0,3.016,187,nonspam
0,0,0,1.02,0.176,1.241,36,nonspam
0,0,0,0,0,1.444,104,nonspam
0,0,0,0,0,1.333,12,nonspam
0,0,0,0.76,0.127,1.755,79,nonspam
0,0,0,2.46,0,1.166,14,nonspam
0,0,0,0,0,1.554,143,nonspam
0,0,1.04,1.04,0.179,2.037,55,nonspam
0,0,0,0,0,1.545,17,nonspam
0,0,0,1.02,0,1.857,65,nonspam
0,0,0,0,0,1.6,8,nonspam
0,0,0.46,5.11,0.065,2,86,nonspam
0,0,0,0.58,0,2.246,146,nonspam
0,0,0,0,0,4.472,161,nonspam
0,0,0,0.51,0,4,216,nonspam
0,0,0,0,0,1.55,31,nonspam
0,0,0,0.52,0,2.225,158,nonspam
0,0,0,1.19,0,2.238,141,nonspam
0,0,0,2.58,0.141,1.535,43,nonspam
0,0,0.58,0,0,2.506,183,nonspam
0,1.72,0,1.03,0,3.344,194,nonspam
0,0.58,0,0,0,251,1506,nonspam
0,0,0.15,1.38,0,1.837,305,nonspam
0,0,0,0.29,0.376,3.338,611,nonspam
0,0,0,0.86,0,2.119,142,nonspam
0,0,0,1.11,0,2.113,167,nonspam
0,0,0,0,0,2,36,nonspam
0,0,0,0,0,1.61,95,nonspam
0,0,0.6,0.6,0,3.266,196,nonspam
0,0,0,0,0,1.666,15,nonspam
0,0,0,1.42,0,1.292,84,nonspam
0,0,0,1.85,0,1,19,nonspam
0,0,0,1.61,0,1.25,15,nonspam
0,0,0,0,0,3.857,162,nonspam
0,0,0,1.1,0,2.293,172,nonspam
0,0,0,0,0,1.673,82,nonspam
0,0,0,1.57,0,1,16,nonspam
0,0,0,0,0,1.785,75,nonspam
0,0,0,0,0,1,6,nonspam
0,0,0,0,0,4.19,88,nonspam
0,0,0,0,0,2.057,72,nonspam
0,0,0,0,0,1.75,21,nonspam
0,0,0,1.4,0,2.464,207,nonspam
0,0,0,0,0,4.068,236,nonspam
0,0,1.33,0,0.144,1.857,39,nonspam
0,0,0,2.1,0,1.746,145,nonspam
0,0,0,1.03,0,25.812,413,nonspam
0,0,1.81,0,0,3.382,159,nonspam
0,0,0,1.14,0,3.28,82,nonspam
0,0,0,1.08,0,1.263,24,nonspam
0,0,0.1,0.1,0,1.636,527,nonspam
0,0,0,0.67,0,2.976,128,nonspam
0,0,0,0,0,3.225,129,nonspam
0,0,0,1.19,0,3.09,68,nonspam
0,0,0,0,0,1.25,85,nonspam
0,0,0.32,0.32,0,4.295,262,nonspam
0,0,0,1.85,0.318,2.695,62,nonspam
0,0,0,0,0,3.7,148,nonspam
0,0,0,3.84,0,1,6,nonspam
0,0,0,2.22,0.176,2.1,63,nonspam
0,0,0,0,0,3.6,36,nonspam
0,0,0,4.44,0.383,1.333,8,nonspam
0,0,0,0,0,1,5,nonspam
0,0,0,0.66,0.05,2.725,248,nonspam
0,0,0.2,0.4,0,2.61,308,nonspam
0,0,0,2.08,0,1.181,13,nonspam
0,0,0,1.31,0,2.151,71,nonspam
0,0,0.88,0.66,0.023,8.76,876,nonspam
0,0,0,1.03,0,25.812,413,nonspam
0,0,0,1.36,0,2.604,250,nonspam
0,0,0,0,0,4.308,293,nonspam
0,0,0,0,0,2,16,nonspam
0,0,0,0,0,1.428,10,nonspam
0,0,0,0,0,2.097,86,nonspam
0,0,0,0,0,4.268,286,nonspam
0,0,0,4.16,0.74,1.625,13,nonspam
0,0,0,0,0,1.052,20,nonspam
0,0,0,0,0,2.2,11,nonspam
0,0,0,2,0,2.529,86,nonspam
0,0,0,0,0,2.682,110,nonspam
0,0,0,0.68,0.055,2.87,244,nonspam
0,0,0,1.92,0.26,2.2,44,nonspam
0,0,0,3.84,0,1.727,19,nonspam
0,0,0,0,0.374,2.85,57,nonspam
0,0,0,0,0.213,1.75,49,nonspam
0,0,0,0,0,1.733,26,nonspam
0,0,0,0,0,1.592,43,nonspam
0,0.08,0,0.94,0.051,1.838,605,nonspam
0,0,0,4.21,0,2.541,61,nonspam
0,0,0,0,0,1.87,174,nonspam
0,0,0,1.36,0.045,1.465,85,nonspam
0,0,0,0.8,0.139,1.411,24,nonspam
0,0,0,1.69,0.552,1.461,19,nonspam
0,0,0,0,0,2.567,172,nonspam
0,0,0,0.93,0.075,2.482,139,nonspam
0,0,0,0,0,2.108,213,nonspam
0,0,0,2.94,0,1,5,nonspam
0,0.68,0,5.47,0,1.1,22,nonspam
0,0,0,1.77,0.107,2.741,85,nonspam
0,0,0,2.79,0,1.392,39,nonspam
0,0,0,0,0,2.375,19,nonspam
0,0,0,7.27,0,1.125,9,nonspam
0.16,0,0,0,0.02,2.604,758,nonspam
0,0,0,2.65,0.051,1.786,134,nonspam
0,0,0,0,0,1.833,935,nonspam
0,0,0,0.2,0,1.133,263,nonspam
0,0,0,1.7,0,1.228,43,nonspam
0,0,0,0,0,1.25,5,nonspam
0,0,0,0,0.026,2.222,480,nonspam
0,0,0,0.16,0,2.432,557,nonspam
0,0,0,1.62,0,3.039,155,nonspam
0,0,0,0,0.5,1.538,20,nonspam
0,0,0,0,0,3.714,26,nonspam
0,0,0,0,0,3.631,69,nonspam
0,0,0,0,0,3.631,69,nonspam
0,0,0,0,0,1.583,38,nonspam
0,0,0,0,0,1,7,nonspam
0,0,0,0,0.09,2.43,666,nonspam
0,0,0,0,0,1,5,nonspam
0,0,0,0,0,4.333,13,nonspam
0,0,0,1.16,1.458,1.066,16,nonspam
0,0,0,0.08,0,4.858,2026,nonspam
0,0,0,0.38,0,3.704,726,nonspam
0,0,0,0.09,0,2.188,510,nonspam
0,0,0.05,0.31,0,2.725,1150,nonspam
0,0,0,0.99,0,9.876,1116,nonspam
0,0,0,0,0.078,3.153,618,nonspam
0,0,0.46,1.38,0,4.153,162,nonspam
0,0,0,1.12,0.072,3.242,347,nonspam
0.16,0.99,0,2.8,0.076,3.401,364,nonspam
0,0,0,0,0,1.75,14,nonspam
0,0,0,1.06,0.026,2.941,353,nonspam
0,0,0,0,0,1.25,5,nonspam
0,0,0,0.39,0,1.309,55,nonspam
0,0.07,0,1.54,0,1.588,243,nonspam
0,0,0,0,0,3.571,75,nonspam
0,0,0,0,0.294,3.714,78,nonspam
0,0,0,1.56,0.041,1.517,44,nonspam
0,0,0,1.21,0.044,2.222,120,nonspam
0,0,0,0.81,0.285,2.136,47,nonspam
0,0,0,1.99,0,2.891,347,nonspam
0,0,0,1.69,0,3.315,63,nonspam
0,0,0,1.29,0,1.857,39,nonspam
0,0,0,0,0,4.03,133,nonspam
3.07,0,0,3.07,0.251,3.214,45,nonspam
0,0,0,1.04,0,1,17,nonspam
0,0,0,0,0,1.607,45,nonspam
0,0,0,0,0,1.545,17,nonspam
0,0,0,0,0,4.413,1399,nonspam
0,0,0.32,0,0,4.093,262,nonspam
0,0,0.84,0,0.123,5.515,182,nonspam
0,0,1.66,0,0,4.052,77,nonspam
0,0,0,0,0,1.333,8,nonspam
0,0,0,0,0,1.666,10,nonspam
0,0.78,0,1.56,0,2.62,76,nonspam
0,0,0,0,0,1,4,nonspam
0,0,0,1.42,0,2.315,88,nonspam
0,0,0,1.85,0,2.526,48,nonspam
0,0,0,0,0,1.23,16,nonspam
0,0,0,0,0,1.25,10,nonspam
0,0,0,0,0,3.578,68,nonspam
0,0,0,0.82,0,1.263,192,nonspam
0,0,0,0,0,2.318,51,nonspam
0,0,0,0,0,1,5,nonspam
0,0,0,0,1.798,2.615,34,nonspam
0,0,0,0,0,5.357,150,nonspam
0,0.08,0,0,0,2.658,436,nonspam
0,0,0,3.84,0,2.333,21,nonspam
0,0,0,0,0,1.268,52,nonspam
0,0,0,0,0,1.394,53,nonspam
0.31,0,0.31,0.63,0,3.547,259,nonspam
0,0,0,0,0,2.394,881,nonspam
0,0,0,4.37,0,1.48,37,nonspam
0.32,0,0.32,0.98,0,5.633,338,nonspam
0,0,0.9,0.9,0.225,1.807,47,nonspam
0,0,0,0,0,2.25,27,nonspam
0,0,0,0,0.432,2,60,nonspam
0,0,0.05,0.05,0,1.997,1620,nonspam
0,0,0,0.6,0,4.536,186,nonspam
0,0,0.74,1.49,0.102,2.121,87,nonspam
0,0,0.91,1.83,0.116,1.619,68,nonspam
0,0,0.57,0,0,1.947,111,nonspam
0,0,0,0,0.063,3.133,749,nonspam
0,0,0,0,0,1.4,7,nonspam
0,0,0,0.88,0.044,1.664,1263,nonspam
0,0,0,0,0.069,2.776,622,nonspam
0,0,0,0,0,1.586,92,nonspam
0,0,0,0,0,1.833,22,nonspam
0,0,0,6.5,0.145,1.342,51,nonspam
0,0,0,0,0.102,4.771,167,nonspam
0,0,0,0.29,0.044,1.666,180,nonspam
0,0,0,0,0,1.222,11,nonspam
0,0.11,0.07,0.07,0.002,2.106,3027,nonspam
0,0,0,2.38,0,3.086,142,nonspam
0,0,0,0,0,1,3,nonspam
0,0,0,3.14,0.087,2.812,90,nonspam
0,0,0,0,0,2.297,680,nonspam
0,0,0,0,0,1,1,nonspam
0,0,0,0,0,1.888,17,nonspam
0,0,0,1.72,0.25,2.619,55,nonspam
0,0,0,0,0,1.75,7,nonspam
0,0,0.57,0,0,1.964,110,nonspam
0,0,0,0,0,2,16,nonspam
0,0.99,0,2.97,0.262,1.565,36,nonspam
0,0,0,0,0,1.666,25,nonspam
0,0,0,0,0,1.333,4,nonspam
0,0,0,1.45,0,1.897,74,nonspam
0,0,0,1.17,0,1.76,81,nonspam
0,0,0,3.67,0,2.171,76,nonspam
0,0,0,1.41,0,1.56,39,nonspam
0,0,0,2.5,0,1.222,11,nonspam
0,0,0,2.09,0.309,3.973,151,nonspam
0,0,0,0.66,0.104,2.152,127,nonspam
0,0,0,2.59,0,1.35,27,nonspam
0,0,0,0,0,1,3,nonspam
0,0,0,0,0,3,348,nonspam
0,0,0,0,0,1,6,nonspam
0,0,0,0,0,1,4,nonspam
0,0,0,0,0,6.113,593,nonspam
0,0,0,2.01,0,2.319,109,nonspam
0,0,0,2.63,0,1.433,86,nonspam
0,0,0,1.15,0.103,1.411,24,nonspam
0,0,0,0,0,1.1,11,nonspam
0,0,0,0,0,2.6,13,nonspam
0,0,0,0,0,1.285,9,nonspam
0,0,0,0,0.239,2.688,121,nonspam
0,0,0,0.81,0,2.521,517,nonspam
0,0,0,0,1.123,2.6,26,nonspam
0,0,0.48,0.96,0.138,1.986,147,nonspam
0,0,0,0,0,1,4,nonspam
0,0,0,0,0,11.687,187,nonspam
0,0,0,1.08,0,3.372,344,nonspam
0,0.93,0,2.8,0,1.771,62,nonspam
0,0,0,4.25,0,1.772,78,nonspam
0,0,0,0,0,2.351,508,nonspam
0,0,0,6.75,0,1.913,44,nonspam
0,0,0,2.39,0,3.153,246,nonspam
0,0,0.46,1.69,0,2.677,415,nonspam
0,0,0,1.08,0,2.421,92,nonspam
0,0,1.23,1.23,0,2.142,75,nonspam
0,0,0,1.2,0,2.2,55,nonspam
0,0,0,2.35,0.203,2.541,61,nonspam
0,0,0,4.16,0,2.25,18,nonspam
0,1.85,0,0,0,2.916,35,nonspam
0,0,0.65,0,0,2.59,386,nonspam
0,0,0,0,2.272,1.75,14,nonspam
0,0,0,0,0,2.064,322,nonspam
0,0,0,0,0,2.95,59,nonspam
0,0,0,0,0,1.755,79,nonspam
0,0,0,2.04,0.286,2.434,56,nonspam
0,0,1.26,0,0.147,1.962,53,nonspam
0,0,0,0.42,0,2.161,294,nonspam
0,0,0,1.88,0.277,3,51,nonspam
0,0,0,0,0,3.041,219,nonspam
0,0,0.31,0,0,3.086,250,nonspam
0,0,0,8.33,0,1,2,nonspam
0,1.38,0,1.38,0,2.333,42,nonspam
0,0,0,2.5,0,1.416,17,nonspam
0,0,0,0.29,0,2.247,481,nonspam
0,0,0,1.57,0.033,2.28,203,nonspam
0,0,0,0,0,2.75,55,nonspam
0,0,0,0,0,1,5,nonspam
0,0.09,0,1.77,0.068,2.059,593,nonspam
0,0,0.65,0,0.055,1.685,59,nonspam
0,0,0.45,2.28,0.486,3.782,87,nonspam
0,0,0,1.52,0,1.411,24,nonspam
0.22,0,1.55,2.88,0.073,2.574,224,nonspam
0,0,0,0,0,1.227,27,nonspam
0,0,0,0.92,0.029,3.455,387,nonspam
0,0,0,1.15,0.053,2.548,1134,nonspam
0,0,0,0,0,1.533,46,nonspam
0,0,0,0,0,1.718,122,nonspam
0,0,0,0,0,3.478,80,nonspam
0,0,0,2.56,0.331,1.842,35,nonspam
0,0,0,0,0,1.72,43,nonspam
0,0,0,0,0,3.368,64,nonspam
0,0,0,0,0,2.217,204,nonspam
0,0,0,0,0,3.333,30,nonspam
0,0,0,0,0,3.166,57,nonspam
0,0,0,0,0,2.95,59,nonspam
0,0,0,0,0,1,4,nonspam
0,0,0,0,0,3.478,80,nonspam
0,0,0,0,0,1.5,9,nonspam
0,0,0.55,1.65,0,6.894,393,nonspam
0,0,0,0.58,0,3.552,373,nonspam
0,0,0,2,0,5.888,53,nonspam
0,0,0,1.58,0.149,1.482,43,nonspam
0,0,0,3.33,0,1.375,11,nonspam
0,0.33,0.33,0.33,0,2.016,125,nonspam
0,0,0,0,0,1,14,nonspam
0,0,0,0.49,0,1.89,189,nonspam
0,0,0,0,0,2.666,96,nonspam
0,0,0.15,0.62,0,1.945,323,nonspam
0,0,0,3.03,0,2,42,nonspam
0,0,0,0.49,0,3.237,505,nonspam
0,0,0,0,0,3.651,157,nonspam
0,0,0,0,0,1.5,63,nonspam
0,0,0,0.31,0,2.23,261,nonspam
0,0,0,0.48,0,4.438,932,nonspam
0,0,0.18,0.11,0.004,2.393,1795,nonspam
0,0,0,3.33,0,1.3,13,nonspam
0,0,0.23,0.17,0.014,2.35,3006,nonspam
0,0,0,0,0,3.628,479,nonspam
0,0,0,0,0,2,6,nonspam
0,0,0,3.09,0,1.666,25,nonspam
0,0,0,0.56,0,1.983,601,nonspam
0,0,2.46,1.23,0.279,1.736,66,nonspam
0,0,0,0.57,0,1.136,25,nonspam
0,0,0,2.17,0,3.066,46,nonspam
0,0,0,0,0.709,2.09,23,nonspam
0,0,0,1.48,0,2.595,122,nonspam
0,0.48,0,1.44,0.305,1.884,98,nonspam
0,0.48,0,1.44,0.305,1.884,98,nonspam
1.78,1.78,1.78,5.35,0,7,63,nonspam
0,0,0,5.55,0,1,2,nonspam
0,0,0.63,0.95,0.174,4.026,608,nonspam
0,0,0,1.29,0.146,1.341,55,nonspam
0,0,0,0.37,0.05,2.414,367,nonspam
0,0,0,0.61,0,3.682,151,nonspam
0,0,0,2.59,0,1,13,nonspam
0,0,0.99,0.33,0.306,5.525,431,nonspam
0,0,0,0.26,0,2.36,177,nonspam
0,0,0,1.48,0,2.555,69,nonspam
0,0,0.24,0.09,0,2.667,1763,nonspam
0,0,0,0,0,2.666,16,nonspam
0,0,0,0,0,2.06,68,nonspam
0,0,0,1.49,0,1.428,80,nonspam
0,0,0,0.57,0.089,2.204,97,nonspam
0,0,0.12,1.51,0.193,1.181,104,nonspam
0,0,0,0,0,2.037,913,nonspam
0,0,0,0,0,1.578,30,nonspam
0,0,0,2.3,0,1.196,67,nonspam
0,0,0,0.67,0,4.23,110,nonspam
0,0,0,0.7,0,1.688,103,nonspam
0,0,0,0,0,3.157,60,nonspam
0,0,0,1.48,0,2.425,114,nonspam
0,0,0,0.49,0,3.302,535,nonspam
0,0.08,0,0.32,0,2.816,628,nonspam
0,0,0,0,0,1.533,23,nonspam
0,0.06,0.06,0.25,0,2.829,815,nonspam
0.49,0,0,0,0,5.61,331,nonspam
0.49,0,0,0,0,5.61,331,nonspam
0,0,0,0,0,1.5,6,nonspam
0,0,0,1.24,0,1.409,62,nonspam
0,0,0,0,0,1.8,36,nonspam
0,0,0,1.61,0,1.148,31,nonspam
0,1.38,0,1.38,2.378,3.315,126,nonspam
0,0,0,0,0.442,2.125,17,nonspam
0,0,0,1.47,0,1.827,53,nonspam
0,0,0,0,0,2.432,540,nonspam
0,0,0,3.7,0.371,2.25,27,nonspam
0,0,0,1.75,0.107,2.454,81,nonspam
0,0.03,0.03,0.13,0.002,2.143,3168,nonspam
0,0,0,0,1.086,1,3,nonspam
0,0,0,1.13,0,1.909,42,nonspam
0,0,0,0.73,0,1.379,40,nonspam
0,0,0,4.83,0,1.769,23,nonspam
0,0,0,5.26,0,1.266,19,nonspam
0,0,0,0,0,3.475,139,nonspam
0,0,0,1.32,0,1.955,133,nonspam
0,0,0,0,0.955,1.5,24,nonspam
0,0,0,0,0,1.766,53,nonspam
0,0,0,4.34,0.558,2,28,nonspam
0,0,0,0,0,1.8,9,nonspam
0,0,0,1.8,0,1.631,31,nonspam
0,0,0,4.16,0.355,2.666,64,nonspam
0,0,0,1.93,0,1.375,55,nonspam
0,0,0,0.44,0,2.068,395,nonspam
0,0,0,0.27,0,2.319,167,nonspam
0,0,0,0,0,4.228,148,nonspam
0,0,0,0,0,2.141,212,nonspam
0,0,0,4.34,0.787,1.875,15,nonspam
0,0,0,0,0,1.652,38,nonspam
0,0,0,4.16,0.689,1.3,13,nonspam
0,0,0,1.43,0,1.863,41,nonspam
0,0,0,1.55,0.196,3.16,79,nonspam
0,0,0,0,0,1.529,26,nonspam
0,0,0.88,1.76,0.113,2.285,208,nonspam
0,0,0,1.72,0,2.062,33,nonspam
0,0,0,0,0,2.777,25,nonspam
0,0,0,0,0,1.24,67,nonspam
0,0,0.26,0,0,1.632,307,nonspam
0,0,0,0,0,1.567,428,nonspam
0,0,0,0,0,2.304,53,nonspam
0,0,0,0,0.386,1.6,16,nonspam
0,0,0,0,0.078,2.552,171,nonspam
0,0,0,0,0,2.45,566,nonspam
0,0,0,0,0,2.032,63,nonspam
0,0,0,2.56,0.473,2.454,27,nonspam
0,0,0,2.02,0.376,2.31,67,nonspam
0,0,0,4.25,0.186,1.25,25,nonspam
0,0,0,2.18,0,1.969,65,nonspam
0,0,0,2.19,0,2.409,53,nonspam
0,0,0,0,0.68,2.9,29,nonspam
0,0,0,1.12,0.181,4.5,153,nonspam
0,0,0,0,0,1.3,13,nonspam
0,0,0,3.77,0.366,2,28,nonspam
0,0,0,3.24,0.114,1.8,36,nonspam
0,0,0,0.39,0.129,2.895,249,nonspam
0,0.21,0,1.62,0.062,2.007,1026,nonspam
0,0.19,0,1.74,0.064,2.024,897,nonspam
0,0,0,0.97,0,3.178,89,nonspam
0,0,0,0.85,0,1.085,89,nonspam
0,0,0,0,0,1.888,17,nonspam
0,0,0,0,0,4,140,nonspam
0,0,0,0,0,5.2,26,nonspam
0,0,0,0,0,2.307,90,nonspam
0,0,0,0.45,0,2.236,161,nonspam
0,0.36,0,1.28,0.055,3.176,270,nonspam
0,0,0,1.03,0.37,2.277,41,nonspam
0,0,0,0.72,0,1.407,38,nonspam
0,0,0,0.82,0.24,4.666,126,nonspam
0,0,0,0.34,0,2.35,188,nonspam
0,0,0,1.78,0.24,2.833,68,nonspam
0,0,0,1.78,0,1.5,30,nonspam
0,0,0,0,0,3.472,125,nonspam
0,0,0,0,0,4.242,140,nonspam
0,0,0,6.45,0,1.5,18,nonspam
0,0,0,2.91,0.166,2.185,59,nonspam
0.46,0,0,0.46,0.163,2.343,150,nonspam
0,0,0,1.63,0,1,14,nonspam
0,0,0,0.14,0,2.25,855,nonspam
0,0,0,0,0,3.5,21,nonspam
0,0,0,0,0,1.736,125,nonspam
0,0,0,1.49,0,1,16,nonspam
0,0,0,0.26,0.091,2.225,227,nonspam
0,0,0,0,0,4.393,145,nonspam
0,0,0,0.58,0.103,2,94,nonspam
0,0,0,2.83,0.096,2.368,180,nonspam
0,0,0,0.48,0,4.134,645,nonspam
0,0,0,0.21,0,3.715,1386,nonspam
0,0,0,0,0.216,2.166,39,nonspam
0,0,0,1.12,0.061,1.903,118,nonspam
0,0,0,0,0,2.351,127,nonspam
0,0,0,1.37,0,1.125,18,nonspam
0,0,0,1.12,0.203,2.222,40,nonspam
0,0,0,0,0,2.125,17,nonspam
0,0,0,0,0,2,4,nonspam
0,0.57,0,2.87,0,3.583,129,nonspam
0,0,0,1.23,0,3.574,336,nonspam
0,0,0,0,0.564,1.818,20,nonspam
0,0,0,1.47,0.097,2.3,69,nonspam
0,0,0,0.68,0,1.41,79,nonspam
0,0,0,1.94,0.389,1.26,29,nonspam
0,0,0,2.66,0.231,1.761,37,nonspam
0,0,0,2.38,0,1.09,24,nonspam
0,0,0,5.2,0,1.071,15,nonspam
0,0,0,0,0,1,5,nonspam
0,0,0,1.28,0,2.21,42,nonspam
0,0,0.84,0,0,1.777,64,nonspam
0,0,0,0,0,1.611,29,nonspam
0,0,0,4.39,0,1.275,37,nonspam
0,0,0,0.51,0,3.167,491,nonspam
0,0,0,0.33,0,3.995,807,nonspam
0,0,0,3.57,0,2.375,38,nonspam
0.24,0,0,0.86,0,1.801,227,nonspam
0,0,0,1.5,0,1.833,77,nonspam
0,0.1,0,0,0,2.409,571,nonspam
0,0,0,0.61,0,2.283,169,nonspam
0,0,0,1.56,0.27,1.5,30,nonspam
0,0,0,1.33,0.211,1.38,29,nonspam
0,0,0,0,0,6.526,248,nonspam
0,0,0,0.51,0,1.574,74,nonspam
0,0,0,0.89,0,2.292,94,nonspam
0,0,0,0.78,0,2.714,133,nonspam
0,0,0,1.29,0.19,1.857,26,nonspam
0,0,0,1.75,0,1.826,42,nonspam
0,0,0,1.36,0,2.035,57,nonspam
0.87,2.63,0.87,2.63,0.798,18.454,203,nonspam
0,0,0,1.4,0,18,378,nonspam
0.3,0,0,0.75,0,1.703,155,nonspam
0.41,0.41,0,3.96,0.866,5.052,485,nonspam
0,0,0,0,0,3.787,375,nonspam
0,0,0,3.92,0,1.785,25,nonspam
0,0,0,4.87,0,1.461,19,nonspam
0,0,0,4.44,0,1.3,26,nonspam
0,0,0,0,0,1.82,304,nonspam
0,0,0,2.94,0,1.562,25,nonspam
0,0,0,9.09,0,1,5,nonspam
0,0,0,7.69,0,1.285,9,nonspam
0,0,0,5.55,0,1,10,nonspam
0,0,0,7.69,0,1.285,9,nonspam
0,0,0,0,0,4.533,68,nonspam
0,0,0,7.69,0,1.285,9,nonspam
0,0,0,0,0,2.093,90,nonspam
0,0,0,0,0,4.062,195,nonspam
0,1.26,0,2.53,0,1.285,18,nonspam
0,0,0,1.02,0.207,10.409,635,nonspam
0,0,0,0,0,5.857,41,nonspam
0,0,0,0.76,0,2.297,193,nonspam
0,0,0,2,0,5.888,53,nonspam
0,0,0,0.58,0,3.552,373,nonspam
0,0,0,2,0,5.888,53,nonspam
0,0,0,1.58,0.149,1.482,43,nonspam
0,0,0,3.33,0,1.375,11,nonspam
0,0.33,0.33,0.33,0,2.016,125,nonspam
0,0,0,0,0,1,14,nonspam
0,0,0,3.33,0,1.3,13,nonspam
0,0,0,1.36,0,2.604,250,nonspam
0,0,0,0,0,2,16,nonspam
0,0,0,0,0,1.428,10,nonspam
0,0,0,0,0,2.097,86,nonspam
0,0,0,4.16,0.74,1.625,13,nonspam
0,0,0.26,4.27,0,1.58,128,nonspam
0,0,0,0,0,2.662,418,nonspam
0,0,0,0,0.176,1.758,51,nonspam
0,0,2.46,1.23,0.278,1.736,66,nonspam
0,3.7,0,3.7,0,1.166,7,nonspam
0,0,0,1.94,0.031,1.564,194,nonspam
0,0,0,3.33,0,1.75,14,nonspam
0,0,0,0,0,4.06,1003,nonspam
0,0,0,0,0,1.6,16,nonspam
0,0.17,0,1.19,0.167,1.894,216,nonspam
0,0,0,1.32,0,1.613,71,nonspam
0,0,0,9.52,0,1.142,8,nonspam
0,0,0,0.99,0,9.31,1108,nonspam
0,0,0,1.78,0,1.731,116,nonspam
0,0,0,4.54,0,1,5,nonspam
0,0,0.86,6.95,0,1.047,22,nonspam
0,0,0.25,0.51,0,1.287,85,nonspam
0,0,0,0,0,1.75,21,nonspam
0,0,0,3.12,0,1,8,nonspam
0,0,3.22,3.22,0,1.083,13,nonspam
0,0,0,4.63,0,3.968,127,nonspam
0,0,1.55,2.32,0.099,2.325,93,nonspam
0,0,0,0,0,3.983,239,nonspam
0,0,0,0,0,3.125,25,nonspam
0,0,0,0,0,4.037,214,nonspam
0,0,0,0,0,1.666,5,nonspam
0,0,0,0.34,0,2.147,131,nonspam
0,0,0,0,0,2.333,119,nonspam
0,0,0,0,0,1.848,61,nonspam
0,0,0,5.6,0,1.909,21,nonspam
0,0,0,1.36,0,2.307,30,nonspam
0,0,0,0,0,1,5,nonspam
0,0,0,0,0.396,2.533,38,nonspam
0,0,0,2.63,0,4.166,50,nonspam
0,0,0.56,3.41,0,1.834,200,nonspam
0,0,0,4.76,0,50,100,nonspam
0,0,0,1.3,0,1.3,104,nonspam
0,0,0,0,0,4.791,115,nonspam
0,0,0,1.5,0,3.657,128,nonspam
0,0,0,1.96,0,3.129,97,nonspam
0,0,0,0.87,0,13.562,434,nonspam
0,0,0,0,0,1.615,21,nonspam
0,0.11,0,0.95,0.056,2.546,601,nonspam
0,0,0.39,3.12,0.07,2.069,89,nonspam
0,0,0,2.35,0,1.551,45,nonspam
0,0,0,0,0,4.8,24,nonspam
0,0,0,1.05,0,2.173,113,nonspam
0,0,0,0,0,3.36,84,nonspam
0,0,0,1.98,0,1.962,155,nonspam
0,0.16,0,3.04,0,1.798,196,nonspam
0,1.49,0,2.98,0,1.761,37,nonspam
0,0,0,0,0,1.924,102,nonspam
0,0,0,2.9,0,1.794,70,nonspam
0,0,0,2.24,0,1.79,111,nonspam
0,0,0,0,0,1.88,47,nonspam
0,0,0,0,0,3.555,64,nonspam
0,0,0,3.5,0,2.085,73,nonspam
0,0,0,2.29,0,3.74,101,nonspam
0,0,0,1.58,0,3.461,90,nonspam
0,0,0,0.96,0.058,1.068,47,nonspam
0,0,0,3.08,0,1,20,nonspam
0,0,0,0,0,2,6,nonspam
0,0,0,3.97,0.08,2.396,139,nonspam
0,0,1.88,0,0,1.533,23,nonspam
0,0,0,0,0,1.166,14,nonspam
0,0,0,0,0,2.466,37,nonspam
0,0,0,0,0,1.714,36,nonspam
0,0,0,0,0,1.666,30,nonspam
0,0,0,0,0,1,15,nonspam
0,0,0,0,0,1,4,nonspam
0,0,0.97,5.82,0,2.187,70,nonspam
0,0,0,1.19,0,2.617,89,nonspam
0,0,0,0,0,1,5,nonspam
0,0,0,1.36,0,1.421,91,nonspam
0,0,0,0,0,1,4,nonspam
0,0,0,0,0,3.083,37,nonspam
0,0,0,0,0,4.36,109,nonspam
0,0,0,3.69,0,2.016,244,nonspam
0,0,0,0,0,3.333,30,nonspam
0,0,0,0,0,2.367,651,nonspam
0,0,0,3.22,0,1.6,8,nonspam
0,0,0,0,0.408,6.187,99,nonspam
0,0,0,0.32,0,1.677,156,nonspam
0,0,0,0.47,0,1.486,162,nonspam
0,0,0,2,0,5.888,53,nonspam
0,0,0,0,0,1.6,64,nonspam
0,0,0,0,0.159,1.45,74,nonspam
0,0.14,0,0.73,0.14,1.891,522,nonspam
0,0,0,2.28,0,1.32,103,nonspam
0,0,0,0,0,4.586,133,nonspam
0,0.51,0,0.51,0,2.076,108,nonspam
0,0,0,1.84,0,1.476,62,nonspam
0,0,0,1.83,0,1.918,71,nonspam
0,0,0,0,0.241,3.541,85,nonspam
0,0,0,0,0,3.722,268,nonspam
0,0,0,0,0,1,5,nonspam
0,0,0,0,0,1,4,nonspam
0,0,0,0,0,2.022,451,nonspam
0,0,0,0.72,0.114,1.645,51,nonspam
0,0,0,0.81,0,1.636,36,nonspam
0,0,0,0,0,1,8,nonspam
0,0,0.85,2.56,0,1.717,67,nonspam
0,0,0.61,1.84,0.19,1.857,104,nonspam
0,0.35,0.35,0.35,0,1.226,146,nonspam
0,0,0,0.54,0.087,2.363,52,nonspam
0,0,0,2.22,0,1.769,23,nonspam
0,0,0,0,0,1.181,13,nonspam
0,0,1.36,2.04,0,2.461,96,nonspam
0,0,0,0,0,2,10,nonspam
0,0,0,0,0,1.795,79,nonspam
0,0,0,0,0,5.111,138,nonspam
0,0,0,0.35,0,1.506,119,nonspam
0,0,0,0,0.48,2,26,nonspam
0,0,0,0.5,0,1.712,137,nonspam
0,0,0,0.33,0,2.519,131,nonspam
0,0,0,0.56,0,1.15,46,nonspam
0,0,0,0,0,2.188,232,nonspam
0,0,0.4,5.26,0.27,2.36,59,nonspam
0,0,0,0,0.581,1.615,21,nonspam
0,0.84,0.42,1.9,0.374,2.892,405,nonspam
0,0,0,1.17,0,2.882,49,nonspam
0,0.22,0,0,0,2.182,203,nonspam
0,0,0,0,0,2.145,693,nonspam
0,0.22,0,0.68,0,1.649,94,nonspam
0,0,0,0,0,1.6,64,nonspam
0,0,0,0,1.149,1.5,12,nonspam
0,0,0,0.81,0,1.09,12,nonspam
0,0,0,0,0,2.925,117,nonspam
0,0,0,0,0,1,8,nonspam
0,0,0.67,1.34,0,1.285,27,nonspam
0,0,0,1.65,0,1.84,46,nonspam
0,0,0,2.7,0,1.88,47,nonspam
0,0,1.56,1.56,0,1,11,nonspam
0,0,0,0,0,1.903,59,nonspam
0,0,0,0,0,3.333,30,nonspam
0,0,0,1.63,0,4.608,424,nonspam
0,0,0,2.63,0.414,2.705,46,nonspam
0,0,0.2,0.2,0,1.669,187,nonspam
0,1.33,0,0.89,0.372,3.425,411,nonspam
0,0,0,2.66,0,2.166,52,nonspam
0,0,0,0,0,2.333,7,nonspam
0,0,0.62,1.25,0.169,1.863,82,nonspam
0,0.16,0,0.71,0.031,1.83,1479,nonspam
0,0,0,0,0.333,4.255,200,nonspam
0,0,0.29,0.89,0.016,1.679,178,nonspam
0,0,0.29,0.89,0.016,1.679,178,nonspam
0,0,0.29,0.89,0.016,1.679,178,nonspam
0,0,0,3.75,0.054,2.735,145,nonspam
0,0,0,4,0.729,1.875,15,nonspam
0,0,0,4.2,0,1.454,32,nonspam
0,0,0,0,0.249,2.576,67,nonspam
0,0,0,4.34,0,1.333,12,nonspam
0,0,0,0,0,1.8,72,nonspam
0,0,0,0,0,2.565,59,nonspam
0,0,0,0,0,2.121,751,nonspam
0,0,0,3.29,0,1.111,20,nonspam
0,0,0,0,0,1.64,41,nonspam
0,0,0,0,0,1.166,14,nonspam
0,0,0,0,0,1.502,257,nonspam
0,0,0,0,0,2,24,nonspam
0,0,0,6.38,0,1.133,17,nonspam
0,0,0.68,1.36,0,2.102,82,nonspam
0,0,0,0.39,0.125,1.955,133,nonspam
0,0,0,0,0,1.535,238,nonspam
0,0,0,0.68,0,2.277,123,nonspam
0,0,0,1.92,0.106,2.714,95,nonspam
0,0,0,0.2,0,2.703,346,nonspam
0,0,0,1.75,0,1.344,39,nonspam
0,0,0,0,0,2.875,115,nonspam
0,0,0,0.43,0.079,4.411,300,nonspam
0,0,0.05,0.21,0,3.461,1170,nonspam
0,0,0.07,0.29,0,2.79,681,nonspam
0,0,0,0.6,0.033,2.056,364,nonspam
0,0,0,0,0,1.25,5,nonspam
0,0,0,0.14,0,2.345,333,nonspam
0,0,0,2.04,0,1.1,11,nonspam
0,0,0,0,0,2.076,27,nonspam
0,0,0,2.77,0,3.25,39,nonspam
0,0,0,0,0,2.133,64,nonspam
0,0,0,0,0,1.904,80,nonspam
0,0.06,0,0,0,2.423,693,nonspam
0,0,0,0.76,0,1.352,46,nonspam
0,0.13,0.08,0.24,0.003,2.201,2631,nonspam
0,0,0,0,0.436,1.7,17,nonspam
0,0,0,0,0.769,1.428,10,nonspam
0,0.06,0,0,0,2.423,693,nonspam
0,0,0,0.79,0,1.166,42,nonspam
0,0,0,0,0,3.379,98,nonspam
0,0,0,0.16,0,1.638,154,nonspam
0,0,0,0,0,1.813,107,nonspam
0,0.67,0,4.05,0,3.27,121,nonspam
0,0,0,0,0,3.222,29,nonspam
0,1.63,0,1.63,0,1.181,13,nonspam
0,0,3.44,0,0,1.727,19,nonspam
0,0,0,0.66,0,3.627,341,nonspam
0,0,0,0,0.239,1.923,50,nonspam
0,0,0,0.53,0,3.731,153,nonspam
0,0,0,0,0,1,7,nonspam
0,0,0,1.55,0.281,1.363,45,nonspam
0,0,0,8.33,0.925,1.833,11,nonspam
0,0,0,0,0,3.333,30,nonspam
0,0,0,0,0,1.536,106,nonspam
0,0,0,0,0,1.6,8,nonspam
0,1.96,0,0,0,1.647,28,nonspam
0,0,0,1.06,0.168,1.75,63,nonspam
0,0,0,0,0,2.714,76,nonspam
0,0.64,0,0.64,0,1.727,57,nonspam
0,0.47,0,0,0,1.233,37,nonspam
0,0,0,0,0,1.333,4,nonspam
0,0,0,0,0,1.14,65,nonspam
0,1.38,0,1.38,0,1.666,35,nonspam
0,0,0,3.7,0.349,1.47,25,nonspam
0.59,0,0.89,3.58,0.044,1.6,120,nonspam
0,0,0,0,0,3.25,286,nonspam
0,0,0,0,0.523,2.571,36,nonspam
0,0,0,0,0,2.023,694,nonspam
0,0,0,2.05,0,1.294,44,nonspam
0,0,0.29,0.74,0,1.803,238,nonspam
0,0,0.12,0.03,0.128,3.427,1827,nonspam
0,0,0,0,0,2.235,199,nonspam
0,0,0,0,0.296,5.25,63,nonspam
0,0,0,3.54,0,1.375,55,nonspam
0,0,0,3.84,0.225,1.902,78,nonspam
0,0,0,0,0,1.259,34,nonspam
0,0,0,9.09,0,1,6,nonspam
0,0,0,0,0,3.5,49,nonspam
0,0,0,0,1.123,1.3,13,nonspam
0,0,0,1.45,0,1.785,75,nonspam
0,0,0,0,0,2.187,35,nonspam
0,0,1.98,2.97,0.081,1.348,58,nonspam
0,0,0.52,0,0,3.888,140,nonspam
0,0,0,8.1,0,1,5,nonspam
0,0,0,8.1,0,1,5,nonspam
0,0,0,8.1,0,1,5,nonspam
0,0,0,8.1,0,1,5,nonspam
0,0,0,0,0,2.3,138,nonspam
0,0,0,8.1,0,1.8,9,nonspam
0,0,0.62,0.41,0,2.797,512,nonspam
0.04,0.13,0,1.3,0.027,1.784,1192,nonspam
0,0,0,0.99,0,1.478,34,nonspam
0,0,0,1.4,0,17.952,377,nonspam
0,0,1.19,0.59,0.088,1.8,81,nonspam
0,0,0,1.07,0,1.564,194,nonspam
0,0,0,1.02,0,1.29,40,nonspam
0,0,0,1.24,0.02,2.78,367,nonspam
0,0,0,0,0,1,3,nonspam
0,0,0,0,0,2.454,27,nonspam
0,0,0,0,0,2,124,nonspam
0,0,0.79,0,0,2.575,103,nonspam
0,0,0,0,0,4.341,178,nonspam
0,0,0,1.63,0,1.545,17,nonspam
0,0,0,1.22,0.063,1.611,116,nonspam
0,0,0,0,0,1.3,13,nonspam
0,0,0,1.21,0,1.166,21,nonspam
0,0,3.48,0,0.139,1.515,50,nonspam
0,0,0,0,0,1,5,nonspam
0,0,0,0,0,1.153,15,nonspam
0,0,0,0.99,0,9.31,1108,nonspam
0,0,0,1.5,0.075,1.483,89,nonspam
0,0.83,1.66,2.91,0.329,2.962,157,nonspam
0,0,1.12,1.12,0,4.689,136,nonspam
0,0,0.32,1.28,0.052,2.258,192,nonspam
0,0,0.5,1.5,0.084,2.303,129,nonspam
0,0,0,0,0,4.208,101,nonspam
0,0,1.19,0,0.286,2.724,79,nonspam
0,0,0,2.46,0.041,1.792,224,nonspam
0,0,0,1.56,0,3,81,nonspam
0,0,0,4.76,0,1.8,9,nonspam
0,0.13,0.01,0.07,0,2.589,2349,nonspam
0,0,0,0,0,2,16,nonspam
0,0,0,0,0,1.6,8,nonspam
0,0,0.05,0.21,0,2.758,1073,nonspam
0,0,0,0,0,1.8,9,nonspam
0,0,0,1.36,0,3.142,88,nonspam
0,0,0,2.37,0,1.851,100,nonspam
0,0,0,1.14,0.276,1.104,53,nonspam
0,0,0,0,0,2.921,111,nonspam
0,0,0,3.44,0,1.5,15,nonspam
0,0,0,0,0,2.296,473,nonspam
0,0,0,1.68,0.413,3.052,116,nonspam
0,0.42,0.42,2.12,0.134,2.202,163,nonspam
0,0,0,0.26,0,2.724,237,nonspam
0,0,0,0,0,1.333,8,nonspam
0,0,0,0,0,1,10,nonspam
0,0,0,0.67,0.217,1.34,67,nonspam
0,0,0,0,0,2.5,10,nonspam
0,0,0,0,0,1.607,45,nonspam
0,0,0,2.32,0,2.125,51,nonspam
0,0,0,0,0,6.8,34,nonspam
0,0,0,0,0,1.125,9,nonspam
0,0,0,0,0,1.655,48,nonspam
0,0,0,0,0,1.181,13,nonspam
0,0,1.13,2.27,0,1,11,nonspam
0,0,0,0,0,2.941,100,nonspam
0,0,0,0,0,1,6,nonspam
0,0,0,4.34,0.735,2.571,18,nonspam
0,0,0,0,0,1,5,nonspam
0,0,0,2.43,0,1.555,14,nonspam
0,0,0,0,0,1.979,97,nonspam
0,0,0,0,0,1.873,118,nonspam
0,0,0,0,0,2,82,nonspam
0,0,0,4.34,0,1,8,nonspam
0,0,0,0,0,1.222,11,nonspam
0,0,0,0,0,2.25,9,nonspam
0,0,0,0,0,2.666,8,nonspam
0,0,0,3.28,0.116,2,88,nonspam
0,0,0,2,0,5.888,53,nonspam
0,0,0,0,0,4.128,161,nonspam
0,0,0,0,0,2,6,nonspam
0,0,0,0,0,1.464,41,nonspam
0,0,0,0,0.506,2.047,43,nonspam
0,0,0,0,0,2.275,91,nonspam
0,0,0,0,0,4.382,298,nonspam
0,0,0,1.18,0,2.216,215,nonspam
0.67,0,0,3.37,0,1.87,58,nonspam
0,0,0,0,0,1.564,61,nonspam
0,0,0,0,0,2.333,7,nonspam
