年月日,最高気温(℃),使用実績(万kW)
2008/4/1,17,3986
2008/4/2,16.4,3947
2008/4/3,18.7,3893
2008/4/4,18.1,3873
2008/4/5,19.6,3314
2008/4/6,19.3,2976
2008/4/7,16,4076
2008/4/8,14,4342
2008/4/9,16.4,3902
2008/4/10,11.3,4354
2008/4/11,20.3,3897
2008/4/12,20.3,3373
2008/4/13,13.7,3348
2008/4/14,16.6,3959
2008/4/15,20.7,3883
2008/4/16,21,3947
2008/4/17,19.8,4032
2008/4/18,14.9,4163
2008/4/19,16.9,3476
2008/4/20,17.9,3095
2008/4/21,20.5,3868
2008/4/22,20.7,3906
2008/4/23,21.6,3912
2008/4/24,20.9,3997
2008/4/25,18.4,3862
2008/4/26,16.4,3535
2008/4/27,18.1,3019
2008/4/28,19.2,3598
2008/4/29,22.3,3305
2008/4/30,25.8,3855
2008/5/1,24.3,3747
2008/5/2,22.3,3716
2008/5/3,21.3,3013
2008/5/4,21,2872
2008/5/5,21.2,2970
2008/5/6,25.5,3152
2008/5/7,26.5,4019
2008/5/8,23.5,3990
2008/5/9,23.1,3999
2008/5/10,17.2,3652
2008/5/11,14.2,3126
2008/5/12,15,3923
2008/5/13,13.5,4129
2008/5/14,15,4039
2008/5/15,21.9,3918
2008/5/16,22.6,3980
2008/5/17,22.9,3445
2008/5/18,23.2,3055
2008/5/19,23.6,4015
2008/5/20,24.1,4101
2008/5/21,24.7,4033
2008/5/22,27,4209
2008/5/23,29,4445
2008/5/24,25.9,3625
2008/5/25,23.4,3233
2008/5/26,27.1,4368
2008/5/27,28.8,4292
2008/5/28,26.5,4225
2008/5/29,17.5,4042
2008/5/30,17.1,3970
2008/5/31,14.4,3551
2008/6/1,23.5,3065
2008/6/2,21.9,3956
2008/6/3,16.5,4016
2008/6/4,22.4,3948
2008/6/5,21.1,4020
2008/6/6,27.6,4276
2008/6/7,26.2,3656
2008/6/8,24.2,3226
2008/6/9,22.9,4210
2008/6/10,27,4350
2008/6/11,26.5,4363
2008/6/12,21.8,4079
2008/6/13,26.7,4350
2008/6/14,29.1,3758
2008/6/15,24.3,3263
2008/6/16,26.7,4384
2008/6/17,26,4377
2008/6/18,25.8,4397
2008/6/19,27.6,4484
2008/6/20,24.3,4478
2008/6/21,25.9,3978
2008/6/22,23.3,3475
2008/6/23,24.9,4245
2008/6/24,27.7,4520
2008/6/25,25.1,4331
2008/6/26,19.1,4059
2008/6/27,25.3,4263
2008/6/28,26.1,3787
2008/6/29,22.5,3349
2008/6/30,24.7,4160
2008/7/1,25.5,4250
2008/7/2,26.9,4502
2008/7/3,27.3,4470
2008/7/4,31.6,5006
2008/7/5,31.4,4539
2008/7/6,30.7,4160
2008/7/7,26.9,4659
2008/7/8,26.5,4735
2008/7/9,26.1,4493
2008/7/10,27.8,4552
2008/7/11,29.4,4884
2008/7/12,33.8,4576
2008/7/13,32.7,4279
2008/7/14,32.7,5353
2008/7/15,31.4,5311
2008/7/16,31.7,5422
2008/7/17,31.7,5515
2008/7/18,32.1,5289
2008/7/19,33.8,4819
2008/7/20,32.1,4290
2008/7/21,30.3,4414
2008/7/22,32.4,5564
2008/7/23,32.4,5713
2008/7/24,33.1,5847
2008/7/25,34.5,6008
2008/7/26,31.7,4751
2008/7/27,32.9,4434
2008/7/28,33.4,5263
2008/7/29,33,5299
2008/7/30,31.6,5154
2008/7/31,30.7,5147
2008/8/1,31.5,5308
2008/8/2,31.7,4816
2008/8/3,32.7,4730
2008/8/4,34.5,6025
2008/8/5,30.6,5352
2008/8/6,34.3,5660
2008/8/7,34.2,5991
2008/8/8,35.3,6089
2008/8/9,33,4811
2008/8/10,29.2,3956
2008/8/11,32.5,5151
2008/8/12,32.9,5022
2008/8/13,32.2,4786
2008/8/14,34.5,4701
2008/8/15,34.9,4862
2008/8/16,34.1,4505
2008/8/17,25.5,3368
2008/8/18,29.7,4725
2008/8/19,34.8,5401
2008/8/20,32.4,5345
2008/8/21,31.1,5150
2008/8/22,25.3,4313
2008/8/23,22.8,3568
2008/8/24,23.6,3399
2008/8/25,25.4,4318
2008/8/26,24.2,4276
2008/8/27,29.1,4612
2008/8/28,29.2,4806
2008/8/29,30.4,5030
2008/8/30,29.1,4158
2008/8/31,30.4,3979
2008/9/1,30.8,5076
2008/9/2,31.8,5372
2008/9/3,32.3,5496
2008/9/4,30.5,5173
2008/9/5,29.7,5173
2008/9/6,30.6,4478
2008/9/7,31.1,4186
2008/9/8,31.4,5189
2008/9/9,30,4844
2008/9/10,28.7,4695
2008/9/11,26.6,4455
2008/9/12,31.3,5058
2008/9/13,31.5,4344
2008/9/14,29.2,3841
2008/9/15,26.6,3909
2008/9/16,26.9,4537
2008/9/17,29.1,4808
2008/9/18,25.6,4474
2008/9/19,26.3,4519
2008/9/20,29.1,4144
2008/9/21,25.2,3509
2008/9/22,22.8,4094
2008/9/23,28,3963
2008/9/24,28.1,4407
2008/9/25,28.9,4480
2008/9/26,29.7,4514
2008/9/27,22.8,3462
2008/9/28,19.6,3057
2008/9/29,17.9,3897
2008/9/30,18.8,3859
2009/4/1,12.5,3968
2009/4/2,14.8,3834
2009/4/3,17.2,3647
2009/4/4,18.1,3128
2009/4/5,19,2871
2009/4/6,19.2,3599
2009/4/7,20.7,3638
2009/4/8,20.4,3639
2009/4/9,24.3,3683
2009/4/10,23.2,3620
2009/4/11,26.1,3138
2009/4/12,20.6,2875
2009/4/13,23.1,3667
2009/4/14,23,3785
2009/4/15,24.4,3733
2009/4/16,22.8,3757
2009/4/17,15.4,3753
2009/4/18,18.9,3109
2009/4/19,22.5,2858
2009/4/20,20.2,3646
2009/4/21,20.2,3813
2009/4/22,24.3,3782
2009/4/23,21.6,3680
2009/4/24,16.4,3620
2009/4/25,13.3,3525
2009/4/26,22.7,2836
2009/4/27,19.4,3491
2009/4/28,17.6,3481
2009/4/29,20.8,3034
2009/4/30,23,3458
2009/5/1,23.8,3444
2009/5/2,24.5,3034
2009/5/3,23.5,2695
2009/5/4,23.7,2777
2009/5/5,19.9,2823
2009/5/6,19.4,3075
2009/5/7,19.8,3670
2009/5/8,20.3,3700
2009/5/9,25.5,3329
2009/5/10,28.3,3113
2009/5/11,24.8,3892
2009/5/12,24.9,3999
2009/5/13,26.3,4001
2009/5/14,23.4,3844
2009/5/15,20.1,3684
2009/5/16,19.6,3194
2009/5/17,22,2971
2009/5/18,28.4,3943
2009/5/19,24.2,3936
2009/5/20,29.3,4142
2009/5/21,27.6,4155
2009/5/22,24.3,3985
2009/5/23,28.6,3539
2009/5/24,22,3031
2009/5/25,22.8,3851
2009/5/26,25.8,4032
2009/5/27,26,3987
2009/5/28,20,3866
2009/5/29,19.5,3756
2009/5/30,20.4,3274
2009/5/31,22.9,3078
2009/6/1,22.1,3772
2009/6/2,26.2,3932
2009/6/3,24.4,3909
2009/6/4,23.5,3927
2009/6/5,21.8,3870
2009/6/6,24.2,3335
2009/6/7,28.9,3198
2009/6/8,20.2,3812
2009/6/9,24.3,3968
2009/6/10,25.9,4058
2009/6/11,25,4014
2009/6/12,28.1,4056
2009/6/13,26.8,3528
2009/6/14,23.9,3157
2009/6/15,23.9,3955
2009/6/16,23.3,3941
2009/6/17,24.6,4001
2009/6/18,24.1,3981
2009/6/19,26.7,4098
2009/6/20,27.6,3572
2009/6/21,24,3293
2009/6/22,24.9,4189
2009/6/23,29.7,4639
2009/6/24,26.9,4311
2009/6/25,28.2,4438
2009/6/26,31.9,4652
2009/6/27,31.8,4099
2009/6/28,25.6,3387
2009/6/29,29.9,4517
2009/6/30,25.7,4198
2009/7/1,25.7,4250
2009/7/2,22.6,4141
2009/7/3,26.3,4163
2009/7/4,27.6,3642
2009/7/5,26.3,3336
2009/7/6,24.7,4250
2009/7/7,31.5,4791
2009/7/8,27.8,4542
2009/7/9,30.5,4779
2009/7/10,30.3,4662
2009/7/11,27.4,3589
2009/7/12,29.2,3521
2009/7/13,33.6,5019
2009/7/14,31.3,4940
2009/7/15,33.6,5301
2009/7/16,34.2,5411
2009/7/17,28.4,4649
2009/7/18,29.8,4104
2009/7/19,33.9,4066
2009/7/20,30,4084
2009/7/21,23.7,4259
2009/7/22,27.7,4433
2009/7/23,29.7,4599
2009/7/24,27.9,4616
2009/7/25,31.9,4298
2009/7/26,33.8,4335
2009/7/27,30.9,4973
2009/7/28,28.4,4688
2009/7/29,31.2,5017
2009/7/30,33.2,5450
2009/7/31,26.5,4377
2009/8/1,29,3826
2009/8/2,26.4,3467
2009/8/3,30.3,4816
2009/8/4,29.6,4827
2009/8/5,30,5094
2009/8/6,30.5,5039
2009/8/7,33.2,5254
2009/8/8,30.4,4245
2009/8/9,32.1,4040
2009/8/10,28.6,4535
2009/8/11,29.1,4471
2009/8/12,30.6,4349
2009/8/13,31.7,4352
2009/8/14,30.5,4149
2009/8/15,31.7,3848
2009/8/16,33.2,3904
2009/8/17,30.8,4858
2009/8/18,30.1,4861
2009/8/19,31.3,4887
2009/8/20,31.6,5064
2009/8/21,32.5,5089
2009/8/22,31.6,4562
2009/8/23,30.7,3842
2009/8/24,30.2,4762
2009/8/25,27.7,4465
2009/8/26,27.6,4405
2009/8/27,29.6,4664
2009/8/28,31.4,4979
2009/8/29,32.3,4423
2009/8/30,27.1,3366
2009/8/31,22.2,3874
2009/9/1,31.5,4699
2009/9/2,24,4053
2009/9/3,24.5,4084
2009/9/4,26.2,4116
2009/9/5,29,3795
2009/9/6,28.5,3545
2009/9/7,29.3,4638
2009/9/8,28.8,4718
2009/9/9,23.7,4131
2009/9/10,28.8,4241
2009/9/11,26.9,4167
2009/9/12,23.3,3411
2009/9/13,28.9,3346
2009/9/14,26.4,4162
2009/9/15,23.9,4019
2009/9/16,28.3,4290
2009/9/17,26.5,4189
2009/9/18,23.8,3931
2009/9/19,25.7,3352
2009/9/20,28.1,3161
2009/9/21,23.4,3238
2009/9/22,25.8,3433
2009/9/23,26.9,3593
2009/9/24,27.6,4229
2009/9/25,28.5,4310
2009/9/26,27.8,3729
2009/9/27,24.4,3143
2009/9/28,26.5,4084
2009/9/29,25.1,4079
2009/9/30,23.2,3878
2010/4/1,20.7,3808
2010/4/2,20,3943
2010/4/3,14.5,3274
2010/4/4,10.9,3304
2010/4/5,12.1,4354
2010/4/6,19.1,3741
2010/4/7,16.3,4175
2010/4/8,13.1,3844
2010/4/9,14.6,3880
2010/4/10,20.2,3257
2010/4/11,23.2,2962
2010/4/12,14.3,4375
2010/4/13,20,3758
2010/4/14,17.4,3747
2010/4/15,11.2,4383
2010/4/16,7.4,4548
2010/4/17,11.5,3637
2010/4/18,16.5,3009
2010/4/19,20,3759
2010/4/20,18.1,3903
2010/4/21,25.5,3816
2010/4/22,14.2,4348
2010/4/23,10.1,4287
2010/4/24,16.7,3370
2010/4/25,16.7,2974
2010/4/26,19.9,3690
2010/4/27,15.7,4055
2010/4/28,15.4,3947
2010/4/29,23.4,3197
2010/4/30,20,3449
2010/5/1,20.1,2976
2010/5/2,22.1,2729
2010/5/3,24,2777
2010/5/4,24.7,2868
2010/5/5,27.6,3069
2010/5/6,27.8,3922
2010/5/7,22.3,3831
2010/5/8,23.7,3410
2010/5/9,26.6,3008
2010/5/10,22.5,3799
2010/5/11,19.7,3873
2010/5/12,21.8,3739
2010/5/13,20.9,3731
2010/5/14,19.6,3722
2010/5/15,19.3,3211
2010/5/16,21.3,2916
2010/5/17,26,3925
2010/5/18,26.3,3997
2010/5/19,22.9,3915
2010/5/20,22.1,4010
2010/5/21,30.9,4205
2010/5/22,27.2,3551
2010/5/23,21,3112
2010/5/24,21.5,3917
2010/5/25,29,4105
2010/5/26,22.5,3883
2010/5/27,22.2,3875
2010/5/28,22.4,3841
2010/5/29,17.6,3323
2010/5/30,16.7,2950
2010/5/31,21.9,3743
2010/6/1,23.2,3793
2010/6/2,24.8,3872
2010/6/3,27.3,3980
2010/6/4,26.4,4030
2010/6/5,24.2,3392
2010/6/6,26.1,3120
2010/6/7,28.2,4165
2010/6/8,23.3,3976
2010/6/9,22.6,3956
2010/6/10,28.2,4231
2010/6/11,27.2,4165
2010/6/12,28.9,3814
2010/6/13,26,3269
2010/6/14,21.5,3951
2010/6/15,27.7,4360
2010/6/16,30.3,4665
2010/6/17,31.6,4755
2010/6/18,28.9,4636
2010/6/19,29.8,4034
2010/6/20,29.1,3644
2010/6/21,29,4672
2010/6/22,29.2,4821
2010/6/23,25.5,4414
2010/6/24,28.3,4506
2010/6/25,31.2,4746
2010/6/26,28.7,4049
2010/6/27,29,3770
2010/6/28,31.8,5132
2010/6/29,28.8,4871
2010/6/30,28.9,4648
2010/7/1,29.5,4900
2010/7/2,31,4916
2010/7/3,28.8,4049
2010/7/4,31.6,4066
2010/7/5,30.3,4984
2010/7/6,30.6,5022
2010/7/7,27.8,4716
2010/7/8,30.1,4916
2010/7/9,27.8,4640
2010/7/10,31.1,4166
2010/7/11,28.9,3725
2010/7/12,29.1,4689
2010/7/13,27.2,4367
2010/7/14,31.3,4679
2010/7/15,31.4,4899
2010/7/16,31.9,5249
2010/7/17,32.1,4492
2010/7/18,31.7,4228
2010/7/19,34.5,4793
2010/7/20,34.5,5726
2010/7/21,36.3,5918
2010/7/22,36.1,5965
2010/7/23,35.7,5999
2010/7/24,35.8,5213
2010/7/25,34.4,4715
2010/7/26,33.3,5550
2010/7/27,33.8,5666
2010/7/28,34.2,5596
2010/7/29,27.9,4659
2010/7/30,29.2,4953
2010/7/31,32.2,4712
2010/8/1,34.1,4654
2010/8/2,32.2,5363
2010/8/3,33.3,5600
2010/8/4,33.8,5657
2010/8/5,33.4,5798
2010/8/6,33.6,5642
2010/8/7,33.2,4742
2010/8/8,32.5,4258
2010/8/9,28.9,4637
2010/8/10,30.5,4939
2010/8/11,31.9,4994
2010/8/12,32.3,4293
2010/8/13,30.3,4200
2010/8/14,32.6,3964
2010/8/15,35.5,4449
2010/8/16,36.3,5529
2010/8/17,37.2,5887
2010/8/18,35.1,5822
2010/8/19,33.1,5487
2010/8/20,31.8,5185
2010/8/21,32.8,4827
2010/8/22,34.6,4683
2010/8/23,35.1,5888
2010/8/24,33.9,5854
2010/8/25,33.8,5806
2010/8/26,34.7,5805
2010/8/27,33.8,5799
2010/8/28,34.7,5050
2010/8/29,34.4,4690
2010/8/30,34.8,5819
2010/8/31,35.8,5884
2010/9/1,35.9,5828
2010/9/2,34.6,5720
2010/9/3,34.5,5818
2010/9/4,35.9,5161
2010/9/5,34.3,4787
2010/9/6,34.1,5798
2010/9/7,35.7,5755
2010/9/8,30.5,4745
2010/9/9,28.6,4681
2010/9/10,29.4,4886
2010/9/11,31.7,4740
2010/9/12,31.7,4365
2010/9/13,33.2,5498
2010/9/14,30.4,5029
2010/9/15,25.7,4236
2010/9/16,21.9,4088
2010/9/17,29.1,4444
2010/9/18,29.6,3921
2010/9/19,29.7,3746
2010/9/20,28.8,3991
2010/9/21,31.7,5106
2010/9/22,32.7,5470
2010/9/23,24.8,3744
2010/9/24,20.2,3752
2010/9/25,22,3251
2010/9/26,24.6,3029
2010/9/27,17.8,3740
2010/9/28,22.8,3838
2010/9/29,25.6,3807
2010/9/30,22,3780
2011/4/1,15.7,3104
2011/4/2,18.4,2739
2011/4/3,9.9,2835
2011/4/4,13.9,3245
2011/4/5,15.4,3231
2011/4/6,19.1,3177
2011/4/7,20.6,3173
2011/4/8,18.7,3216
2011/4/9,18,2970
2011/4/10,17.7,2547
2011/4/11,19.3,3190
2011/4/12,15.7,3215
2011/4/13,20.5,3198
2011/4/14,22.1,3200
2011/4/15,22.5,3205
2011/4/16,24.6,2843
2011/4/17,17.6,2542
2011/4/18,17.4,3255
2011/4/19,18.1,3364
2011/4/20,16.7,3264
2011/4/21,16.2,3338
2011/4/22,18.8,3292
2011/4/23,17.9,3017
2011/4/24,20,2562
2011/4/25,20.1,3238
2011/4/26,21,3255
2011/4/27,24.4,3268
2011/4/28,24.8,3225
2011/4/29,19.1,2861
2011/4/30,22.2,2778
2011/5/1,21.1,2572
2011/5/2,24.2,2868
2011/5/3,18.2,2634
2011/5/4,21.7,2521
2011/5/5,17.2,2664
2011/5/6,19.6,3184
2011/5/7,18.4,3119
2011/5/8,25.9,2675
2011/5/9,23.8,3315
2011/5/10,27.2,3538
2011/5/11,18.5,3471
2011/5/12,16.8,3461
2011/5/13,24.4,3441
2011/5/14,25.1,2978
2011/5/15,25.6,2683
2011/5/16,23.5,3371
2011/5/17,21.7,3407
2011/5/18,23.7,3394
2011/5/19,25.7,3465
2011/5/20,26.7,3544
2011/5/21,27.6,3185
2011/5/22,29.6,2927
2011/5/23,18.3,3387
2011/5/24,18.1,3332
2011/5/25,23.8,3362
2011/5/26,22.3,3407
2011/5/27,20.6,3409
2011/5/28,19.7,3061
2011/5/29,19.1,2848
2011/5/30,21.7,3349
2011/5/31,18.7,3252
2011/6/1,18.5,3267
2011/6/2,17.4,3427
2011/6/3,24,3372
2011/6/4,26.3,3055
2011/6/5,25.7,2848
2011/6/6,28.6,3556
2011/6/7,24,3510
2011/6/8,22.7,3407
2011/6/9,25.6,3486
2011/6/10,24.9,3554
2011/6/11,25.1,3174
2011/6/12,26.2,2868
2011/6/13,23.5,3478
2011/6/14,24.6,3476
2011/6/15,23.5,3395
2011/6/16,23.7,3466
2011/6/17,21,3420
2011/6/18,22.2,3117
2011/6/19,24.5,2865
2011/6/20,26.5,3628
2011/6/21,29.8,3798
2011/6/22,31.9,4086
2011/6/23,32.2,4170
2011/6/24,32.7,4380
2011/6/25,27.9,3453
2011/6/26,22.7,2966
2011/6/27,23.8,3573
2011/6/28,31.9,4271
2011/6/29,35.1,4571
2011/6/30,33.6,4266
2011/7/1,33.9,4176
2011/7/2,28.9,3782
2011/7/3,31.1,3726
2011/7/4,34.3,4401
2011/7/5,32.3,4364
2011/7/6,32.5,4252
2011/7/7,29.7,3873
2011/7/8,31.4,4158
2011/7/9,32.5,4279
2011/7/10,33.6,4173
2011/7/11,33.8,4609
2011/7/12,32.3,4553
2011/7/13,32.7,4548
2011/7/14,33.4,4552
2011/7/15,33.7,4638
2011/7/16,33.3,4373
2011/7/17,34.1,4288
2011/7/18,34.8,4332
2011/7/19,28.7,4076
2011/7/20,28.7,4102
2011/7/21,23.6,3227
2011/7/22,24.2,3249
2011/7/23,27.5,3310
2011/7/24,30.3,3441
2011/7/25,31.5,4116
2011/7/26,30.4,3963
2011/7/27,31.8,4115
2011/7/28,29.6,3874
2011/7/29,29.4,3865
2011/7/30,29.7,3623
2011/7/31,25.1,3189
2011/8/1,27.3,3578
2011/8/2,29.1,3736
2011/8/3,29.3,3933
2011/8/4,31.1,4067
2011/8/5,31.2,4186
2011/8/6,32.3,4195
2011/8/7,34.5,4195
2011/8/8,33.2,4662
2011/8/9,33.9,4817
2011/8/10,34.6,4900
2011/8/11,35.2,4775
2011/8/12,35.1,4461
2011/8/13,34.5,4054
2011/8/14,33.6,3956
2011/8/15,33.2,4046
2011/8/16,33.6,4117
2011/8/17,33.8,4566
2011/8/18,36.1,4922
2011/8/19,30.9,3679
2011/8/20,25.8,3268
2011/8/21,23.5,3027
2011/8/22,22.9,3347
2011/8/23,30.9,3855
2011/8/24,32,4263
2011/8/25,29.3,3862
2011/8/26,31.9,4114
2011/8/27,27.5,3447
2011/8/28,29.8,3610
2011/8/29,29.8,4091
2011/8/30,31.7,4122
2011/8/31,30.4,4114
2011/9/1,31.9,4220
2011/9/2,31.9,4280
2011/9/3,30.4,4005
2011/9/4,29.4,3658
2011/9/5,29,3990
2011/9/6,29.3,3854
2011/9/7,29.4,3874
2011/9/8,29.7,3958
2011/9/9,31.4,4236
2011/9/10,32.3,4326
2011/9/11,30.9,3923
2011/9/12,32.5,4551
2011/9/13,32.3,4663
2011/9/14,32.3,4701
2011/9/15,32.4,4597
2011/9/16,31.7,4474
2011/9/17,31.4,4166
2011/9/18,31.7,4057
2011/9/19,31.1,4063
2011/9/20,21.5,3541
2011/9/21,26.3,3682
2011/9/22,29.5,3651
2011/9/23,22.5,3054
2011/9/24,24.8,3161
2011/9/25,23.5,2885
2011/9/26,20.2,3314
2011/9/27,23.7,3346
2011/9/28,24.3,3314
2011/9/29,25.7,3387
2011/9/30,29.6,3523
2012/4/1,14.7,2749
2012/4/2,14.9,3402
2012/4/3,17.7,3685
2012/4/4,15.2,3448
2012/4/5,20.8,3364
2012/4/6,16,3453
2012/4/7,13.8,3158
2012/4/8,13.5,2768
2012/4/9,23.8,3331
2012/4/10,19.2,3329
2012/4/11,18.3,3562
2012/4/12,23,3329
2012/4/13,23,3329
2012/4/14,12.8,3427
2012/4/15,16.3,2708
2012/4/16,16.6,3407
2012/4/17,19.1,3409
2012/4/18,19.9,3349
2012/4/19,17.6,3416
2012/4/20,16.7,3453
2012/4/21,14.6,3131
2012/4/22,13.1,3036
2012/4/23,15.7,3662
2012/4/24,24.3,3373
2012/4/25,22.6,3388
2012/4/26,21.3,3478
2012/4/27,17.6,3444
2012/4/28,23.2,2956
2012/4/29,26,2705
2012/4/30,23.3,2841
2012/5/1,22.8,3182
2012/5/2,20.9,3171
2012/5/3,19.2,2793
2012/5/4,21.9,2677
2012/5/5,26.2,2613
2012/5/6,26.2,2672
2012/5/7,22.2,3277
2012/5/8,25,3438
2012/5/9,22.4,3461
2012/5/10,23.3,3469
2012/5/11,21.9,3348
2012/5/12,21,2966
2012/5/13,22.3,2679
2012/5/14,24.6,3402
2012/5/15,20.6,3472
2012/5/16,27.2,3490
2012/5/17,26.9,3522
2012/5/18,23.4,3421
2012/5/19,25.2,3054
2012/5/20,24.8,2777
2012/5/21,23.9,3442
2012/5/22,16.6,3473
2012/5/23,25,3447
2012/5/24,27.1,3535
2012/5/25,22.1,3475
2012/5/26,25,3048
2012/5/27,27,2809
2012/5/28,25,3496
2012/5/29,25,3568
2012/5/30,24,3478
2012/5/31,24,3470
2012/6/1,25.9,3553
2012/6/2,25.9,3092
2012/6/3,24.2,2823
2012/6/4,26.5,3582
2012/6/5,23.5,3517
2012/6/6,21.5,3448
2012/6/7,24.7,3530
2012/6/8,27.8,3723
2012/6/9,21.8,3111
2012/6/10,27.9,2877
2012/6/11,23.3,3478
2012/6/12,18.7,3446
2012/6/13,21,3378
2012/6/14,23.6,3462
2012/6/15,24.8,3522
2012/6/16,21.5,3141
2012/6/17,27.8,3001
2012/6/18,27.6,3741
2012/6/19,27.2,3787
2012/6/20,30.2,3993
2012/6/21,26.5,3775
2012/6/22,23.1,3615
2012/6/23,24.9,3210
2012/6/24,26.1,2975
2012/6/25,20,3412
2012/6/26,23.6,3502
2012/6/27,25.1,3537
2012/6/28,25.3,3591
2012/6/29,27.2,3706
2012/6/30,27.5,3306
2012/7/1,24.7,2901
2012/7/2,27,3666
2012/7/3,27.7,3731
2012/7/4,29,3969
2012/7/5,29.4,4069
2012/7/6,28.8,4005
2012/7/7,25.1,3408
2012/7/8,26.6,2998
2012/7/9,28.9,3905
2012/7/10,31,4182
2012/7/11,30.9,4181
2012/7/12,27.4,3973
2012/7/13,31,4164
2012/7/14,33,3883
2012/7/15,32.7,3716
2012/7/16,33,4173
2012/7/17,34.4,4892
2012/7/18,32.1,4747
2012/7/19,35.1,4744
2012/7/20,22.2,3538
2012/7/21,21.9,3048
2012/7/22,23.3,2869
2012/7/23,29,3797
2012/7/24,31.8,4184
2012/7/25,33.2,4548
2012/7/26,35.4,4931
2012/7/27,34.2,5038
2012/7/28,33.3,4545
2012/7/29,33.1,4176
2012/7/30,33.3,4889
2012/7/31,33.9,4837
2012/8/1,33.1,4734
2012/8/2,34.7,4992
2012/8/3,34,4878
2012/8/4,31.8,4114
2012/8/5,34.2,4124
2012/8/6,29.4,4250
2012/8/7,32.4,4622
2012/8/8,29.6,4133
2012/8/9,30.2,4156
2012/8/10,31.2,4299
2012/8/11,31.6,3971
2012/8/12,30.9,3608
2012/8/13,34.5,4029
2012/8/14,30.6,3551
2012/8/15,33.4,3835
2012/8/16,34.5,4423
2012/8/17,35.7,4689
2012/8/18,30.8,3875
2012/8/19,33.1,3884
2012/8/20,33,4678
2012/8/21,34,4901
2012/8/22,33.5,4934
2012/8/23,34.2,5020
2012/8/24,35.2,4958
2012/8/25,34.4,4433
2012/8/26,34.8,4122
2012/8/27,35,4950
2012/8/28,33.8,4779
2012/8/29,32.5,4802
2012/8/30,35.6,5078
2012/8/31,33.8,4907
2012/9/1,31.4,3898
2012/9/2,28.6,3395
2012/9/3,30.6,4192
2012/9/4,31.4,4474
2012/9/5,33.2,4612
2012/9/6,32.9,4555
2012/9/7,31.4,4453
2012/9/8,32.5,4126
2012/9/9,32.8,3821
2012/9/10,33.1,4668
2012/9/11,33.5,4681
2012/9/12,32.9,4513
2012/9/13,33.8,4724
2012/9/14,32.1,4601
2012/9/15,32.3,4061
2012/9/16,31.7,3644
2012/9/17,30.7,4023
2012/9/18,31.8,4400
2012/9/19,29.1,4210
2012/9/20,31,4402
2012/9/21,26.9,3970
2012/9/22,25.2,3213
2012/9/23,22.5,2943
2012/9/24,28.1,3726
2012/9/25,22.4,3418
2012/9/26,25.5,3465
2012/9/27,24.8,3371
2012/9/28,25.1,3426
2012/9/29,28.1,3408
2012/9/30,29.5,3183
2013/4/1,15.2,3323
2013/4/2,12.6,3747
2013/4/3,16.6,3765
2013/4/4,21.4,3271
2013/4/5,22.5,3266
2013/4/6,20.7,3012
2013/4/7,23.1,2646
2013/4/8,20.2,3217
2013/4/9,21.7,3230
2013/4/10,17.9,3282
2013/4/11,13.6,3410
2013/4/12,15.7,3273
2013/4/13,16.2,2865
2013/4/14,20.6,2631
2013/4/15,22.6,3229
2013/4/16,21.4,3242
2013/4/17,23.3,3285
2013/4/18,23.4,3315
2013/4/19,19.9,3284
2013/4/20,11.5,3228
2013/4/21,10.2,3084
2013/4/22,17.3,3350
2013/4/23,18.7,3297
2013/4/24,18,3471
2013/4/25,22.8,3233
2013/4/26,22.6,3188
2013/4/27,21.2,2794
2013/4/28,20.5,2540
2013/4/29,21.7,2676
2013/4/30,21.9,3111
2013/5/1,18.7,2996
2013/5/2,19.7,2947
2013/5/3,19.1,2532
2013/5/4,20.3,2466
2013/5/5,22.9,2479
2013/5/6,25.3,2699
2013/5/7,20.4,3146
2013/5/8,23.7,3231
2013/5/9,24.8,3320
2013/5/10,28.5,3397
2013/5/11,20.8,3100
2013/5/12,25.3,2714
2013/5/13,23.7,3348
2013/5/14,27.8,3527
2013/5/15,25.5,3416
2013/5/16,26.7,3457
2013/5/17,23.6,3332
2013/5/18,24.5,2960
2013/5/19,23.4,2706
2013/5/20,21,3402
2013/5/21,26.5,3568
2013/5/22,26.6,3591
2013/5/23,26.2,3544
2013/5/24,28.2,3567
2013/5/25,22.9,2958
2013/5/26,26.6,2812
2013/5/27,26.1,3504
2013/5/28,25.4,3488
2013/5/29,24.4,3468
2013/5/30,22.7,3517
2013/5/31,27.2,3493
2013/6/1,26,2952
2013/6/2,23.3,2682
2013/6/3,24.9,3417
2013/6/4,29.1,3622
2013/6/5,27.7,3629
2013/6/6,25.3,3528
2013/6/7,25.4,3507
2013/6/8,27.7,3114
2013/6/9,29.1,2951
2013/6/10,27.5,3609
2013/6/11,23,3545
2013/6/12,24.1,3533
2013/6/13,22.5,3601
2013/6/14,27,3746
2013/6/15,29.9,3532
2013/6/16,25.2,3034
2013/6/17,29.3,3924
2013/6/18,30.2,4062
2013/6/19,28,3923
2013/6/20,24.3,3677
2013/6/21,24,3621
2013/6/22,26.4,3238
2013/6/23,27.9,2999
2013/6/24,27.7,3728
2013/6/25,26.3,3781
2013/6/26,23.7,3625
2013/6/27,27.5,3630
2013/6/28,25.5,3572
2013/6/29,28.5,3321
2013/6/30,27.8,3024
2013/7/1,26.1,3565
2013/7/2,27.9,3739
2013/7/3,27.4,3626
2013/7/4,27.3,3796
2013/7/5,28.9,3964
2013/7/6,33.7,3979
2013/7/7,35.4,3939
2013/7/8,35.3,4902
2013/7/9,35.4,4929
2013/7/10,35.3,4995
2013/7/11,34.5,5012
2013/7/12,34.9,4955
2013/7/13,34.4,4193
2013/7/14,34.6,3959
2013/7/15,35.1,4116
2013/7/16,29.1,4108
2013/7/17,29.1,3959
2013/7/18,31.8,4494
2013/7/19,30.5,4157
2013/7/20,28.3,3492
2013/7/21,29,3255
2013/7/22,30.4,4187
2013/7/23,35.2,4463
2013/7/24,27.1,3889
2013/7/25,29.3,3984
2013/7/26,32.3,4470
2013/7/27,33.1,4006
2013/7/28,31.8,3586
2013/7/29,27.3,3905
2013/7/30,31.2,4393
2013/7/31,30.7,4292
2013/8/1,32.8,4415
2013/8/2,29.1,4070
2013/8/3,30.8,3779
2013/8/4,31.3,3593
2013/8/5,32.2,4563
2013/8/6,32,4439
2013/8/7,34.5,4749
2013/8/8,34.1,4812
2013/8/9,34.5,5093
2013/8/10,37.4,4871
2013/8/11,38.3,4551
2013/8/12,35.8,4694
2013/8/13,34.7,4168
2013/8/14,34.3,4147
2013/8/15,34.9,4184
2013/8/16,33,4381
2013/8/17,32.9,4143
2013/8/18,33.3,4031
2013/8/19,34.2,4978
2013/8/20,33.9,4794
2013/8/21,33.4,4729
2013/8/22,32.1,4698
2013/8/23,30.9,4481
2013/8/24,33.5,4049
2013/8/25,28.5,3190
2013/8/26,29.6,3970
2013/8/27,30.5,4042
2013/8/28,33.2,4291
2013/8/29,32.6,4406
2013/8/30,36.8,5017
2013/8/31,35.3,4524
2013/9/1,35.7,4359
2013/9/2,33.1,4577
2013/9/3,33.7,4728
2013/9/4,30.8,4401
2013/9/5,29.4,4285
2013/9/6,28.3,3987
2013/9/7,29.1,3631
2013/9/8,28.9,3257
2013/9/9,28.7,3850
2013/9/10,27.9,3781
2013/9/11,27.7,3754
2013/9/12,31.5,4294
2013/9/13,32,4445
2013/9/14,32.5,3989
2013/9/15,29.4,3421
2013/9/16,29.3,3547
2013/9/17,28.6,3673
2013/9/18,28.7,3682
2013/9/19,28.8,3710
2013/9/20,29.3,3851
2013/9/21,29.9,3604
2013/9/22,30.1,3203
2013/9/23,24.3,3115
2013/9/24,26.4,3604
2013/9/25,24.6,3692
2013/9/26,24.2,3455
2013/9/27,24.2,3278
2013/9/28,25.3,2986
2013/9/29,26.2,2767
2013/9/30,26.2,3320
2014/4/1,18.1,3136
2014/4/2,19.6,3187
2014/4/3,15.6,3458
2014/4/4,22,3201
2014/4/5,14.9,2902
2014/4/6,13.4,2901
2014/4/7,16.5,3216
2014/4/8,22.3,3164
2014/4/9,20.4,3187
2014/4/10,22.9,3146
2014/4/11,18.7,3145
2014/4/12,20,2822
2014/4/13,18.7,2588
2014/4/14,17.6,3145
2014/4/15,20.6,3115
2014/4/16,23.3,3163
2014/4/17,21.8,3150
2014/4/18,18.2,3446
2014/4/19,17.9,2870
2014/4/20,14.1,2756
2014/4/21,17.5,3399
2014/4/22,20,3301
2014/4/23,21.3,3174
2014/4/24,21.7,3167
2014/4/25,22.5,3150
2014/4/26,23.9,2829
2014/4/27,22.7,2545
2014/4/28,23.2,2934
2014/4/29,20.6,2809
2014/4/30,18.5,3208
2014/5/1,24.5,3003
2014/5/2,25.6,3023
2014/5/3,25.6,2579
2014/5/4,23,2399
2014/5/5,20.7,2581
2014/5/6,18,2755
2014/5/7,21.5,3105
2014/5/8,21.5,3151
2014/5/9,26.8,3248
2014/5/10,24.9,2901
2014/5/11,25.3,2607
2014/5/12,23.3,3183
2014/5/13,22.7,3254
2014/5/14,27.2,3377
2014/5/15,21.9,3241
2014/5/16,25.7,3284
2014/5/17,26.2,2871
2014/5/18,25.2,2630
2014/5/19,25.7,3326
2014/5/20,25.6,3381
2014/5/21,19.5,3243
2014/5/22,22.8,3312
2014/5/23,21.7,3235
2014/5/24,25.4,2888
2014/5/25,27.3,2721
2014/5/26,24.6,3273
2014/5/27,26.5,3408
2014/5/28,27.7,3448
2014/5/29,27.5,3473
2014/5/30,29,3576
2014/5/31,31.6,3277
2014/6/1,33.1,3143
2014/6/2,31.4,3829
2014/6/3,28.9,3769
2014/6/4,29.4,3744
2014/6/5,23.3,3430
2014/6/6,20.9,3397
2014/6/7,19.2,3006
2014/6/8,22.4,2822
2014/6/9,25.6,3541
2014/6/10,27.8,3622
2014/6/11,24.4,3518
2014/6/12,23.7,3497
2014/6/13,30.3,3683
2014/6/14,29.4,3255
2014/6/15,29.6,2981
2014/6/16,29.8,3788
2014/6/17,27.8,3760
2014/6/18,25.1,3489
2014/6/19,28.5,3732
2014/6/20,27.9,3693
2014/6/21,27.7,3315
2014/6/22,23.6,2849
2014/6/23,27.8,3608
2014/6/24,26.6,3519
2014/6/25,26.2,3624
2014/6/26,28.2,3674
2014/6/27,26.2,3623
2014/6/28,24.8,3190
2014/6/29,28.9,3054
2014/6/30,27.3,3593
2014/7/1,29.6,3754
2014/7/2,30.3,3833
2014/7/3,27.5,3682
2014/7/4,23.4,3466
2014/7/5,24.3,3094
2014/7/6,28.5,2956
2014/7/7,24.9,3525
2014/7/8,31.5,3952
2014/7/9,25.7,3679
2014/7/10,29.7,3900
2014/7/11,34.2,4378
2014/7/12,32.8,3872
2014/7/13,28,3137
2014/7/14,32.9,4349
2014/7/15,32.5,4299
2014/7/16,32.3,4426
2014/7/17,31.8,4185
2014/7/18,27.5,3746
2014/7/19,26.4,3273
2014/7/20,29.9,3160
2014/7/21,28.8,3454
2014/7/22,31.2,4222
2014/7/23,33.1,4423
2014/7/24,34.6,4629
2014/7/25,35.6,4795
2014/7/26,34.6,4442
2014/7/27,34.5,3964
2014/7/28,30.7,4144
2014/7/29,31.8,4202
2014/7/30,31.8,4304
2014/7/31,33.9,4610
2014/8/1,33.5,4728
2014/8/2,35.3,4334
2014/8/3,35.5,4046
2014/8/4,34.7,4692
2014/8/5,36.1,4980
2014/8/6,35.7,4926
2014/8/7,34.2,4774
2014/8/8,31.7,4240
2014/8/9,27.8,3413
2014/8/10,29.4,3328
2014/8/11,32.9,4069
2014/8/12,29.6,3490
2014/8/13,31.5,3500
2014/8/14,30.1,3384
2014/8/15,33.6,3746
2014/8/16,31.2,3281
2014/8/17,30.8,3186
2014/8/18,33.6,4499
2014/8/19,34.7,4671
2014/8/20,34.5,4942
2014/8/21,34.1,4881
2014/8/22,34.6,4891
2014/8/23,30.3,3629
2014/8/24,32.1,3581
2014/8/25,29.3,3960
2014/8/26,26.9,3754
2014/8/27,23.4,3362
2014/8/28,23,3372
2014/8/29,26.2,3465
2014/8/30,26.1,2933
2014/8/31,25.7,2837
2014/9/1,23.8,3363
2014/9/2,29.8,3673
2014/9/3,27.3,3517
2014/9/4,27.7,3606
2014/9/5,31.6,4027
2014/9/6,31.1,3752
2014/9/7,24.4,2794
2014/9/8,24.4,3349
2014/9/9,28.1,3549
2014/9/10,26.9,3525
2014/9/11,23.2,3396
2014/9/12,27.5,3487
2014/9/13,27.3,3134
2014/9/14,28.7,2851
2014/9/15,26,3070
2014/9/16,29.5,3663
2014/9/17,26.1,3411
2014/9/18,25.9,3310
2014/9/19,25.6,3266
2014/9/20,22.3,2943
2014/9/21,26.7,2685
2014/9/22,27.2,3322
2014/9/23,26.4,3137
2014/9/24,25.9,3370
2014/9/25,28.5,3499
2014/9/26,28.1,3442
2014/9/27,23.5,2878
2014/9/28,27,2697
2014/9/29,28.3,3377
2014/9/30,29.1,3466
